Date,Open,High,Low,Close
01-Dec-15,1909.47,1919.85,1905.45,1910.23
02-Dec-15,1911.01,1917,1898.92,1910.14
03-Dec-15,1911.21,1916.71,1893.98,1897.27
04-Dec-15,1895.89,1895.89,1861.26,1863.56
07-Dec-15,1871.69,1873.5,1859,1864.98
08-Dec-15,1861.99,1867.66,1828.36,1831.38
09-Dec-15,1833.01,1837.16,1815.07,1819.07
10-Dec-15,1818.29,1839.68,1817.08,1837.87
11-Dec-15,1844.16,1844.9,1802.3,1811.43
14-Dec-15,1809.74,1826.23,1801.99,1817.79
15-Dec-15,1818.17,1822.97,1807.8,1820.02
16-Dec-15,1828.89,1856.23,1828.89,1843.72
17-Dec-15,1854.88,1873.37,1846.51,1870.36
18-Dec-15,1871.58,1881.91,1864.96,1872.83
21-Dec-15,1872.3,1896.02,1871.98,1893.59
22-Dec-15,1898.07,1905.93,1884.53,1886.65
23-Dec-15,1891.93,1914,1891.6,1911.15
24-Dec-15,1920.52,1927.32,1915.04,1924
28-Dec-15,1928.73,1945.25,1928.47,1941.88
29-Dec-15,1947.19,1959.65,1935.07,1938.45
30-Dec-15,1943.66,1954.14,1941,1943.6
31-Dec-15,1948.77,1960.68,1938.59,1957.68
01-Jan-16,1958.68,1980.48,1952.88,1975.14
04-Jan-16,1973.91,2002.32,1952.28,1965.02
05-Jan-16,1968.68,1986.3,1957.75,1970.78
06-Jan-16,1970.8,1981.98,1952.41,1959.17
07-Jan-16,1943.79,1944.92,1888.51,1891.56
08-Jan-16,1901.46,1934.93,1901.06,1930.55
11-Jan-16,1915.72,1938.65,1895.67,1926.94
12-Jan-16,1934.24,1955.67,1916.78,1925.52
13-Jan-16,1937.1,1944.58,1864.25,1904.15
14-Jan-16,1889.13,1900.53,1864.02,1878.94
15-Jan-16,1882.96,1891.65,1802.01,1806.09
18-Jan-16,1803.41,1810.21,1767.32,1774.06
19-Jan-16,1779.3,1816.2,1778.97,1796.6
20-Jan-16,1779.84,1779.84,1724.96,1753.69
21-Jan-16,1763.85,1788.17,1735.46,1746.93
22-Jan-16,1759.72,1788.83,1756.9,1779.59
25-Jan-16,1790.89,1798.91,1765.89,1772.47
27-Jan-16,1778.67,1806.47,1777.59,1801.05
28-Jan-16,1814.81,1821.26,1805.59,1808.84
29-Jan-16,1812.37,1843.32,1811.16,1838.42
01-Feb-16,1840.02,1850.85,1822.61,1828.39
02-Feb-16,1832.69,1841.12,1775.42,1784.07
03-Feb-16,1755.07,1756.16,1704.13,1709.8
04-Feb-16,1728.42,1740.55,1703.39,1724.17
05-Feb-16,1733.28,1737.64,1714.43,1733.63
08-Feb-16,1736.93,1752.56,1714.34,1717.7
09-Feb-16,1703.39,1731.18,1694.36,1714.7
10-Feb-16,1714.4,1719.29,1685.83,1703.29
11-Feb-16,1703.43,1705.26,1614.23,1621.41
12-Feb-16,1625.47,1630.95,1591.29,1617.55
15-Feb-16,1639.17,1675.45,1637.08,1665.36
16-Feb-16,1676.33,1689.37,1633.1,1647.23
17-Feb-16,1654.31,1662.33,1619.34,1658.58
18-Feb-16,1672.88,1683.97,1642.88,1663.65
19-Feb-16,1657.72,1678.68,1651.12,1670.51
22-Feb-16,1677.84,1680.07,1658.63,1664.99
23-Feb-16,1661.95,1663.25,1632.83,1637.16
24-Feb-16,1631.19,1644.13,1619.25,1621.15
25-Feb-16,1626.04,1627.66,1581.29,1585.7
26-Feb-16,1597.85,1609.22,1581.05,1599.47
29-Feb-16,1609.4,1610.86,1559.38,1582.48
01-Mar-16,1583.55,1622.54,1583.55,1619.87
02-Mar-16,1636.95,1666.67,1636.36,1654.42
03-Mar-16,1674.73,1679.79,1655.59,1676.42
04-Mar-16,1688.27,1700.57,1674.85,1696.32
08-Mar-16,1701.96,1713.15,1688.04,1694.85
09-Mar-16,1693.45,1720.97,1684.43,1718.93
10-Mar-16,1719.82,1727.51,1704.68,1710.89
11-Mar-16,1703.01,1724.5,1698.62,1702.95
14-Mar-16,1710.69,1714.08,1700.88,1707.89
15-Mar-16,1706.88,1711.93,1701.53,1704.57
16-Mar-16,1703.4,1713.03,1693.98,1703.4
17-Mar-16,1715.62,1721.73,1697.89,1708.01
18-Mar-16,1709.01,1719.53,1707.79,1716.06
21-Mar-16,1717.34,1729.44,1715.72,1726.83
22-Mar-16,1730.93,1751.34,1725.86,1748.15
23-Mar-16,1750.35,1753.45,1739.57,1743.18
28-Mar-16,1749,1751.31,1724.59,1732.26
29-Mar-16,1734.93,1745.16,1712.38,1717.85
30-Mar-16,1729.76,1764.64,1728.62,1761.24
31-Mar-16,1763.73,1781.76,1760.63,1775.73
01-Apr-16,1777.98,1797.73,1773.99,1789.39
04-Apr-16,1788.86,1807.81,1788.72,1803.91
05-Apr-16,1807.96,1808.99,1762.74,1766.11
06-Apr-16,1769.97,1779.04,1765.32,1775.48
07-Apr-16,1784.04,1794.71,1754.04,1772.59
08-Apr-16,1771.89,1803.41,1770.6,1800.61
11-Apr-16,1804.2,1841.95,1803.2,1838.51
12-Apr-16,1841.93,1856.32,1838.16,1847.65
13-Apr-16,1856.14,1878.17,1856.01,1872.89
18-Apr-16,1878.56,1886.96,1858.08,1884.32
20-Apr-16,1887.33,1909.95,1887.07,1904.46
21-Apr-16,1906.65,1920.05,1877.7,1883.7
22-Apr-16,1875.75,1893.81,1874.48,1888.03
25-Apr-16,1891.99,1893.51,1850.83,1861.04
26-Apr-16,1849.74,1880.22,1844.4,1876.15
27-Apr-16,1877.38,1879.48,1862.83,1866.8
28-Apr-16,1866.43,1871.4,1825.65,1829.27
29-Apr-16,1828.01,1852.37,1815.92,1846.34
02-May-16,1847.94,1852.48,1827.79,1847.21
03-May-16,1855.53,1879.08,1834.46,1837.64
04-May-16,1837.07,1843.34,1810.84,1814.22
05-May-16,1813.87,1832.23,1813.87,1825.28
06-May-16,1830.76,1838.06,1811.68,1835.78
09-May-16,1846.16,1864.6,1841.12,1861.34
10-May-16,1862.99,1863.92,1849.29,1852.09
11-May-16,1838.55,1856.42,1827.12,1838.25
12-May-16,1839.21,1858.66,1837.31,1849.98
13-May-16,1847.85,1851.89,1831.57,1835.22
16-May-16,1836.17,1845.36,1816.79,1831.12
17-May-16,1839.78,1845.8,1820.24,1824.23
18-May-16,1822.74,1824.48,1812.74,1818.27
19-May-16,1824.58,1824.71,1795.82,1799.58
20-May-16,1802.23,1811.26,1796.64,1799.41
23-May-16,1806.56,1815.42,1801.95,1804.76
24-May-16,1811.96,1816.62,1800.48,1803.41
25-May-16,1809.45,1843.02,1809.11,1840.27
26-May-16,1845.08,1871.18,1841.22,1868.11
27-May-16,1870.75,1891.03,1870.62,1877.44
30-May-16,1877.29,1892.44,1862.17,1884.53
31-May-16,1891.78,1896.07,1864.09,1871.71
01-Jun-16,1874.58,1879.57,1858.46,1863.18
02-Jun-16,1864.59,1873.76,1853.73,1869.31
03-Jun-16,1873.37,1881.08,1869.01,1877.51
06-Jun-16,1877.62,1882.9,1870.11,1877.04
07-Jun-16,1887.28,1895.19,1879.16,1888.51
08-Jun-16,1890.78,1925.23,1889.79,1921.85
09-Jun-16,1925.72,1948.63,1925.24,1928.36
10-Jun-16,1929.44,1959.93,1927.87,1939.9
13-Jun-16,1931.88,1932.93,1904.21,1917.12
14-Jun-16,1921.69,1926.39,1913.35,1922.39
15-Jun-16,1925.87,1964,1925.49,1960.6
16-Jun-16,1963.44,1963.94,1929.58,1950.99
17-Jun-16,1958.1,1966.66,1939.96,1955.05
20-Jun-16,1944.77,1965.31,1938.21,1961.11
21-Jun-16,1960.49,1964.27,1943.11,1947.39
22-Jun-16,1947.33,1956.66,1935.99,1940.74
23-Jun-16,1926.64,1937.88,1909.73,1931.16
24-Jun-16,1903.21,1912.6,1856.02,1909.22
27-Jun-16,1912.81,1922.1,1900.23,1910.91
28-Jun-16,1912.69,1925.03,1911.94,1921.41
29-Jun-16,1922.24,1958.47,1921.92,1953.28
30-Jun-16,1959.48,2000.12,1957.71,1996.05
01-Jul-16,1993.6,2019.47,1993.6,2007.58
04-Jul-16,2015.18,2029.41,2015.11,2018.08
05-Jul-16,2018.65,2025.86,2001.25,2003.72
07-Jul-16,1998.73,2017.98,1998,2009.66
08-Jul-16,2009.63,2014.65,1991.44,2010.07
11-Jul-16,2021.93,2057.11,2021.65,2041.3
12-Jul-16,2046.8,2054.7,2035.16,2039.96
13-Jul-16,2048.46,2052.21,2015.95,2022.01
14-Jul-16,2020.1,2041.35,2018.13,2037.15
15-Jul-16,2000.94,2038.74,1994.17,2020.29
18-Jul-16,2021.15,2033.9,2004.7,2007.77
19-Jul-16,2010.55,2024.46,2002.51,2020.57
20-Jul-16,2025.48,2051.72,2023.16,2050.94
21-Jul-16,2055.59,2056.46,2005.58,2007.9
22-Jul-16,2010.53,2038.59,2010.52,2036.19
25-Jul-16,2038.74,2057.91,2034.82,2055.78
26-Jul-16,2060.4,2071.53,2052.64,2057.49
27-Jul-16,2061.15,2078.83,2051.19,2061.46
28-Jul-16,2066.41,2085.27,2063.08,2072.96
29-Jul-16,2081.41,2085.82,2070.89,2076.58
01-Aug-16,2083.35,2096.17,2060.61,2074
02-Aug-16,2078.54,2082.47,2053.46,2056.53
03-Aug-16,2056.99,2058.37,2016.79,2021.28
04-Aug-16,2031.67,2042.13,2024.86,2035.64
05-Aug-16,2040.98,2065.67,2040.88,2062.71
08-Aug-16,2068.21,2086.05,2055.93,2081.6
09-Aug-16,2083.98,2099.02,2073.86,2077.38
10-Aug-16,2081.94,2088.21,2038.65,2045.05
11-Aug-16,2050.4,2061.31,2033.36,2052.9
12-Aug-16,2049.48,2072.61,2049.48,2069.65
16-Aug-16,2076.89,2089.64,2071.21,2076.48
17-Aug-16,2082.22,2085.46,2064.12,2073.7
18-Aug-16,2086.05,2119.98,2084.29,2111.74
19-Aug-16,2118.15,2123.75,2108.18,2115.49
22-Aug-16,2121.15,2132.69,2101.64,2103.99
23-Aug-16,2107.55,2108.32,2069.13,2080.71
24-Aug-16,2080.79,2097.45,2079.54,2095.01
25-Aug-16,2099.54,2106.13,2081.27,2086.03
26-Aug-16,2085.83,2096.73,2070.17,2075.71
29-Aug-16,2077.81,2080.5,2058.64,2076.59
30-Aug-16,2079.62,2112.21,2079.62,2097.99
31-Aug-16,2098.36,2107.89,2092.01,2098.41
01-Sep-16,2103.1,2107.96,2076.07,2079.29
02-Sep-16,2081.31,2097,2075.69,2091.92
06-Sep-16,2099.37,2123.54,2099.37,2121.03
07-Sep-16,2119.54,2142.13,2106.46,2134.96
08-Sep-16,2135.98,2153.85,2125.11,2139.98
09-Sep-16,2143.41,2147.23,2124.14,2127.29
12-Sep-16,2112.27,2112.51,2056.58,2060.44
14-Sep-16,2055.38,2076.41,2053.62,2071.79
15-Sep-16,2074.8,2083.25,2048.83,2052.27
16-Sep-16,2059.13,2084.04,2053.43,2057.96
19-Sep-16,2057.46,2076.22,2053.83,2073.64
20-Sep-16,2075.28,2076.75,2055.04,2058.14
21-Sep-16,2062.32,2074.34,2050.33,2053.66
22-Sep-16,2065.5,2084.96,2065.16,2081.54
23-Sep-16,2080.62,2091.24,2065.99,2068.88
26-Sep-16,2068.12,2076.01,2039.36,2042.56
27-Sep-16,2052.45,2056.56,2031.95,2036.99
28-Sep-16,2046.76,2054.82,2040,2051.17
29-Sep-16,2057.43,2063.93,1962.19,1966.86
30-Sep-16,1973.14,1997.7,1955.57,1989.59
03-Oct-16,1993.16,2039.35,1992.81,2035.77
04-Oct-16,2044.38,2048.84,2033.71,2040.56
05-Oct-16,2044.79,2056.5,2036.67,2046.31
06-Oct-16,2045.88,2063.87,2015.42,2022.25
07-Oct-16,2024.39,2029.43,2012.51,2018.25
10-Oct-16,2020.51,2032.39,2012.1,2013.84
13-Oct-16,2014.89,2015.09,1974.23,1976.56
14-Oct-16,1976.95,1996.49,1974.82,1991.31
17-Oct-16,2000.34,2002.77,1977.36,1979.86
18-Oct-16,1981.87,2000.94,1981.87,1998.79
19-Oct-16,2009.8,2031.69,2002.56,2021.96
20-Oct-16,2022.84,2035.9,2022.3,2026.6
21-Oct-16,2029.57,2031.34,2020.26,2027.21
24-Oct-16,2032.72,2042.12,2026.19,2028.59
25-Oct-16,2020.28,2029.49,2013.23,2026.9
26-Oct-16,2024.46,2027.4,2002.75,2007.98
27-Oct-16,2000.57,2004.31,1985.63,1998.88
28-Oct-16,2001.58,2015.7,1988.57,2008.43
30-Oct-16,2016.27,2018.61,2001.71,2006.11
01-Nov-16,2009.15,2039.28,2000.48,2019.32
02-Nov-16,2013.23,2015.47,1997.86,2000.93
03-Nov-16,1999.93,2009.05,1977.94,1981.29
04-Nov-16,1981.31,1989.16,1950.54,1958.6
07-Nov-16,1963.74,1989.2,1963.63,1982.02
08-Nov-16,1987.44,1996.31,1980.48,1988.59
09-Nov-16,1903.98,1970.88,1851.82,1963.82
10-Nov-16,1990.25,2021.18,1990.25,2016.62
11-Nov-16,2004.15,2005.08,1964.68,1974.25
15-Nov-16,1983.14,1983.14,1930.49,1943.52
16-Nov-16,1954.11,1970.77,1938.88,1949.19
17-Nov-16,1952.99,1974.1,1930.6,1967.28
18-Nov-16,1974,2000,1970.35,1991.22
21-Nov-16,1995.67,2001.62,1933.28,1936.5
22-Nov-16,1942.2,1949.1,1905.84,1929.56
23-Nov-16,1938.6,1955.51,1908.77,1948.42
24-Nov-16,1959.44,1959.44,1924.34,1942.77
25-Nov-16,1946.25,1981.63,1943.87,1975.15
28-Nov-16,1972.21,2016.32,1970.05,2009.43
29-Nov-16,2013.64,2023.73,2000.62,2008.26
30-Nov-16,2015.54,2030.66,2004.6,2028.73
01-Dec-16,2036.77,2036.77,1993.26,1996.83
02-Dec-16,1994,2002.97,1981.26,1987.63
05-Dec-16,1990.74,2000.22,1976.07,1994.41
06-Dec-16,2001.32,2019.65,2001.32,2005.74
07-Dec-16,2015.67,2023.58,1990.21,1995.06
08-Dec-16,2005.34,2017.62,2003.84,2015.34
09-Dec-16,2024.33,2027.79,2012.24,2023.48
12-Dec-16,2025.09,2029.38,2014.22,2021.37
13-Dec-16,2021.57,2028.23,2012.88,2020.05
14-Dec-16,2019.99,2026.02,2000.52,2004.31
15-Dec-16,1998.52,2019.73,1990.26,2003.63
16-Dec-16,2011.18,2011.31,1988.7,1994.53
19-Dec-16,1994.33,2003.98,1989.72,1995.36
20-Dec-16,1997.07,2005.59,1979.84,1982.45
21-Dec-16,1987.26,2002.58,1982.58,1993.26
22-Dec-16,1992.56,1992.74,1958.4,1959.94
23-Dec-16,1958.79,1965.52,1937.7,1958.75
26-Dec-16,1962.71,1963.27,1920.81,1923.78
27-Dec-16,1923.55,1946.19,1913.16,1942.63
28-Dec-16,1944.69,1967.48,1940.73,1945.47
29-Dec-16,1936.77,1965.99,1934.7,1962.09
30-Dec-16,1959.91,1992.29,1959.91,1987.58
02-Jan-17,1994.13,2003.56,1989.96,1996.12
03-Jan-17,1998.12,2021.61,1998.06,2016.91
04-Jan-17,2021.35,2035.35,2018.52,2021.03
05-Jan-17,2030.7,2048.8,2028.31,2046.53
06-Jan-17,2052.31,2063.51,2035.97,2039.27
09-Jan-17,2041.48,2044.44,2019.92,2028.86
10-Jan-17,2032.73,2049.86,2029.7,2045.61
11-Jan-17,2048.26,2069.47,2044.67,2066.02
12-Jan-17,2067.16,2135.25,2067.16,2131.86
13-Jan-17,2148.25,2149.46,2113.35,2120.78
16-Jan-17,2121.82,2135.8,2115.19,2124.53
17-Jan-17,2133.18,2140.65,2115.08,2135.33
18-Jan-17,2137.14,2155.81,2134.65,2140.85
19-Jan-17,2136.48,2164.02,2130.37,2158.13
20-Jan-17,2157.55,2159.27,2111.9,2115.7
23-Jan-17,2121.26,2136.14,2114.56,2119.94
24-Jan-17,2131.57,2152.08,2127.35,2150.25
25-Jan-17,2156.1,2159.05,2144.11,2149.28
27-Jan-17,2162.21,2204.02,2158.8,2194.37
30-Jan-17,2195.73,2200.57,2177.71,2181.75
31-Jan-17,2183.84,2210.8,2164.39,2167.72
01-Feb-17,2168.24,2178.31,2148.44,2172.63
02-Feb-17,2178.15,2189.29,2169.78,2176.27
03-Feb-17,2184.63,2196.02,2173.66,2181.29
06-Feb-17,2189.13,2209.96,2187.67,2202.17
07-Feb-17,2200.86,2224.84,2200.86,2211.3
08-Feb-17,2213.48,2226.8,2196.67,2219.93
09-Feb-17,2232.48,2242.37,2214.27,2219.21
10-Feb-17,2234.63,2237.34,2214.16,2221.86
13-Feb-17,2246.52,2247.43,2209.73,2230.13
14-Feb-17,2228.05,2230.63,2214.77,2220.86
15-Feb-17,2212.14,2223.65,2189.07,2191.97
16-Feb-17,2194.48,2214.98,2185.07,2212.29
17-Feb-17,2210.26,2225.52,2206.68,2218.28
20-Feb-17,2222.17,2247.77,2219.54,2245.06
21-Feb-17,2254.7,2254.7,2239.84,2248.7
22-Feb-17,2269.81,2272.06,2215.37,2219.98
23-Feb-17,2221.12,2224.53,2200.4,2204.83
27-Feb-17,2204.31,2211.29,2183.78,2187.06
28-Feb-17,2184.76,2203.41,2184.41,2195.78
01-Mar-17,2203.36,2213.67,2185.42,2187.54
02-Mar-17,2195.32,2199.17,2139.08,2145.76
03-Mar-17,2144.95,2160.34,2134.76,2156.04
06-Mar-17,2158.58,2186.58,2158.47,2181.01
07-Mar-17,2188.06,2203.74,2182.9,2187.14
08-Mar-17,2189.2,2191.99,2166.89,2173.08
09-Mar-17,2176.2,2180.75,2157.78,2169.89
10-Mar-17,2175.56,2181.87,2152,2157.05
14-Mar-17,2205.48,2207.84,2182.36,2191.18
15-Mar-17,2194.28,2203.83,2188.61,2194.54
16-Mar-17,2200.42,2236.1,2200.36,2234.11
17-Mar-17,2244.45,2247.8,2214.58,2228.71
20-Mar-17,2233.74,2237.56,2223.17,2233.27
21-Mar-17,2239.65,2241.44,2222.59,2230.36
22-Mar-17,2224.08,2226.55,2204.28,2206.76
23-Mar-17,2211.53,2237.11,2211.53,2233.21
24-Mar-17,2245.09,2248.61,2231.14,2235.4
27-Mar-17,2238.59,2241.52,2225.26,2235.02
28-Mar-17,2237.21,2256.94,2236.96,2251.82
29-Mar-17,2262.01,2264.78,2251.41,2253.46
30-Mar-17,2261.63,2268.77,2254.68,2261.83
31-Mar-17,2266.28,2285.73,2262.23,2274.42
03-Apr-17,2287.48,2289.81,2276.19,2286.67
05-Apr-17,2290.63,2309.71,2290.59,2297.1
06-Apr-17,2295.33,2315.43,2290.38,2312
07-Apr-17,2310.08,2314.93,2291.73,2297.36
10-Apr-17,2307.88,2314.69,2291.45,2297.05
11-Apr-17,2299.05,2320.94,2271.72,2308.76
12-Apr-17,2314.87,2319.53,2272.78,2286.29
13-Apr-17,2287.74,2292.22,2278.77,2282.68
17-Apr-17,2279.65,2290.33,2265.94,2268.72
18-Apr-17,2277.79,2309.92,2264.72,2269.51
19-Apr-17,2273.94,2322.31,2272.12,2315.82
20-Apr-17,2324.35,2326.23,2306.41,2311.93
21-Apr-17,2322.32,2330.58,2301.59,2318.41
24-Apr-17,2320.91,2334.84,2320.77,2332.02
25-Apr-17,2336.78,2358.13,2331.52,2343.52
26-Apr-17,2349.73,2353.13,2308.33,2325.57
27-Apr-17,2324.45,2343.6,2323.06,2327.31
28-Apr-17,2326.96,2334.3,2323.12,2329.75
02-May-17,2331.91,2340.53,2308.21,2318.06
03-May-17,2320.26,2355.13,2320.13,2324.72
04-May-17,2331.19,2341.71,2323.08,2328.93
05-May-17,2329.47,2332.61,2298.66,2302.39
08-May-17,2305.07,2326.1,2298.91,2321.29
09-May-17,2326.43,2350.2,2323.4,2344.34
10-May-17,2351.5,2372.33,2351.49,2365.58
11-May-17,2366.42,2369.13,2332.73,2336.74
12-May-17,2345.84,2347.84,2314.92,2317.81
15-May-17,2326.45,2337.33,2320.8,2332.53
16-May-17,2337.42,2347.98,2330.9,2336.17
17-May-17,2341.3,2356.62,2332.61,2339.49
18-May-17,2329.1,2334.87,2284.53,2289.34
19-May-17,2313.07,2326.73,2287.2,2293.57
22-May-17,2305.13,2314.91,2258.17,2265.37
23-May-17,2269.12,2269.12,2206.67,2222.57
24-May-17,2230.58,2238.31,2180.63,2189.57
25-May-17,2206.47,2213.81,2180.86,2203.67
26-May-17,2211,2243.04,2206.13,2239.22
29-May-17,2268.79,2268.79,2198.36,2213.45
30-May-17,2207.76,2215.46,2181.88,2208.93
31-May-17,2210.98,2233.3,2209.26,2220.59
01-Jun-17,2222.76,2226.63,2204.93,2214.84
02-Jun-17,2222.13,2237.97,2220.48,2231.06
05-Jun-17,2233.05,2241.35,2225.49,2229.62
06-Jun-17,2235.14,2235.72,2188.56,2193.41
07-Jun-17,2196.95,2205.53,2192.19,2202.36
08-Jun-17,2198.45,2211.65,2191.54,2207.86
09-Jun-17,2211.25,2221.69,2201.52,2208.58
12-Jun-17,2206.72,2209.23,2192.95,2206.63
13-Jun-17,2204.21,2234.53,2204.21,2223.87
14-Jun-17,2229.35,2230.57,2212.51,2224.56
15-Jun-17,2221.56,2240.4,2217.33,2225.71
16-Jun-17,2227.33,2237.87,2221.21,2227.1
19-Jun-17,2232.34,2240.52,2229.19,2236.69
20-Jun-17,2237.64,2252.4,2218.67,2232.05
21-Jun-17,2232.75,2239.33,2224.04,2236.3
22-Jun-17,2238.25,2253.09,2215.48,2218.16
23-Jun-17,2220.81,2228.69,2203.96,2209.19
27-Jun-17,2210.55,2216.88,2182.07,2194.71
28-Jun-17,2196.8,2214.2,2187.06,2208.71
29-Jun-17,2210.32,2229.12,2209.35,2213.05
30-Jun-17,2207.16,2228.36,2207.16,2225.54
03-Jul-17,2227.36,2232.23,2219.71,2227.59
04-Jul-17,2240.05,2245.68,2218.97,2221.06
05-Jul-17,2222.29,2234.5,2222.06,2231.66
06-Jul-17,2233.89,2237.85,2224.64,2228.13
07-Jul-17,2231.59,2236.2,2225.2,2231.51
10-Jul-17,2239.24,2257.32,2239.24,2253.62
11-Jul-17,2259.56,2276.26,2251.44,2259.1
12-Jul-17,2273,2275.69,2261.22,2269.64
13-Jul-17,2284.17,2291.04,2275.44,2279.45
14-Jul-17,2289.53,2289.94,2270.4,2286.71
17-Jul-17,2293.1,2302.39,2289.74,2293.79
18-Jul-17,2296.13,2308.21,2274.02,2280.09
19-Jul-17,2284.75,2308.08,2284.73,2301.43
20-Jul-17,2309.51,2312.61,2295.84,2299.32
21-Jul-17,2299.01,2302.54,2268.64,2289.7
24-Jul-17,2290.07,2303.96,2288.93,2293.55
25-Jul-17,2295.29,2303.1,2286.45,2288.79
26-Jul-17,2296.63,2310.81,2293.77,2302.64
27-Jul-17,2307.26,2315.65,2290.59,2296.16
28-Jul-17,2290.21,2300.87,2281.12,2295.79
31-Jul-17,2303.35,2327.37,2301.49,2323.61
01-Aug-17,2331.85,2332.32,2314.36,2321.74
02-Aug-17,2332.2,2343.08,2319.97,2324.4
03-Aug-17,2328.01,2339.1,2309.15,2318.29
04-Aug-17,2321.93,2339.46,2307.65,2336.17
07-Aug-17,2338.34,2347.63,2330.92,2341.56
08-Aug-17,2338.04,2343.19,2287.31,2297.65
09-Aug-17,2294.45,2314.31,2279.74,2287.64
10-Aug-17,2284.73,2285.02,2206.11,2224.08
11-Aug-17,2203.02,2222.43,2185.85,2210.77
14-Aug-17,2231.37,2272.04,2229.51,2266.06
16-Aug-17,2277.06,2287.33,2261.77,2275.16
17-Aug-17,2283.87,2298.84,2269.26,2294.61
18-Aug-17,2293.95,2294.31,2271.52,2284.97
21-Aug-17,2292.82,2297.62,2244.72,2249.93
22-Aug-17,2256.95,2270.39,2222.41,2225.1
23-Aug-17,2233.04,2247.49,2227.34,2238.53
24-Aug-17,2247.56,2257.43,2240.91,2244.21
28-Aug-17,2252.36,2271.17,2252.36,2267.82
29-Aug-17,2250.7,2251.89,2228.6,2232.4
30-Aug-17,2233.95,2259.99,2233.25,2244.49
31-Aug-17,2237.35,2264.97,2233.71,2261.46
01-Sep-17,2259.34,2271.66,2257.96,2264.73
04-Sep-17,2266.36,2271.02,2232.32,2249.97
05-Sep-17,2255.12,2263.54,2250.15,2260.17
06-Sep-17,2254.08,2258.29,2249,2254.85
07-Sep-17,2253.65,2262.66,2250.29,2259.79
08-Sep-17,2254.17,2264.38,2234.84,2239.41
11-Sep-17,2243.04,2284.02,2242.34,2281.33
12-Sep-17,2285.76,2297.74,2280.92,2292.39
13-Sep-17,2299.9,2314.15,2286.61,2290.44
14-Sep-17,2297.07,2328.34,2292.69,2309.52
15-Sep-17,2303.34,2315.17,2274.25,2288.76
18-Sep-17,2295.36,2318.26,2295.36,2301.39
19-Sep-17,2308.82,2315.74,2287.66,2310.81
20-Sep-17,2318.65,2325.16,2298.42,2302.66
21-Sep-17,2302.12,2315.37,2273.02,2289.75
22-Sep-17,2286.5,2286.61,2233.46,2239.35
25-Sep-17,2245.09,2255.68,2209.54,2229.1
26-Sep-17,2248.62,2250.21,2220.84,2233.3
27-Sep-17,2240.34,2246.1,2180.45,2185.27
28-Sep-17,2182.68,2205.2,2176.74,2188.73
29-Sep-17,2197.43,2211.88,2190.66,2206.23
03-Oct-17,2220.46,2227,2189.07,2195.48
04-Oct-17,2198.86,2217,2195.99,2205.62
05-Oct-17,2205.46,2213.38,2203.9,2209.3
06-Oct-17,2213.18,2244.91,2213.18,2236.68
09-Oct-17,2233.06,2241.26,2214.37,2223.45
10-Oct-17,2220.01,2246.04,2220.01,2242.31
11-Oct-17,2242.69,2262.58,2215.1,2223.35
12-Oct-17,2226.48,2245.08,2220.95,2238.47
13-Oct-17,2245.67,2250.79,2233.04,2241.81
16-Oct-17,2242.51,2258.54,2235.77,2238.85
17-Oct-17,2237.78,2250.93,2234.75,2242.72
18-Oct-17,2243.71,2276.82,2241.33,2269.89
19-Oct-17,2276.44,2277.1,2244.1,2253.22
23-Oct-17,2257.12,2276.43,2248.41,2272.31
24-Oct-17,2280.06,2305.53,2276.32,2301.47
25-Oct-17,2306.3,2334.5,2305.01,2327.85
26-Oct-17,2328.69,2345.55,2312.23,2338.26
27-Oct-17,2341.75,2361.38,2335.49,2340.08
30-Oct-17,2346.46,2362.93,2345.82,2352.31
31-Oct-17,2358.69,2380.65,2345.31,2349.2
01-Nov-17,2352.18,2365.96,2341.2,2347.37
02-Nov-17,2351.14,2361.77,2339.11,2355.42
03-Nov-17,2372.43,2373.76,2340.35,2347.12
06-Nov-17,2340.44,2351.84,2329.14,2333.32
07-Nov-17,2341.17,2351.92,2285.34,2291.18
08-Nov-17,2297.62,2300.19,2269.7,2274.65
09-Nov-17,2279.63,2294.01,2267.55,2288.79
10-Nov-17,2299.23,2306.39,2275.69,2291.08
13-Nov-17,2295.01,2300.32,2272.23,2274.74
14-Nov-17,2277.56,2288.96,2256.34,2260.71
15-Nov-17,2258.69,2259.81,2214.52,2225.64
16-Nov-17,2236.28,2262.81,2221.35,2255.11
17-Nov-17,2263.76,2281.14,2258.24,2271.83
20-Nov-17,2273.84,2297.73,2269.89,2293.66
21-Nov-17,2297.93,2321.11,2288.85,2306.39
22-Nov-17,2312.51,2317.35,2296.39,2305.19
23-Nov-17,2309.46,2318.63,2298.05,2312.48
24-Nov-17,2315.33,2329.13,2309.95,2326.03
27-Nov-17,2329.53,2357.65,2312.53,2354.52
28-Nov-17,2357.19,2357.36,2334.33,2346
29-Nov-17,2349.41,2353.34,2334.62,2340.07
30-Nov-17,2337.36,2337.36,2315.84,2320.68
01-Dec-17,2330.18,2336.11,2282.77,2288.7
04-Dec-17,2296.4,2303.07,2268.52,2279.33
05-Dec-17,2267.4,2268.49,2245.5,2255.25
06-Dec-17,2253.91,2259.89,2230.88,2234.82
07-Dec-17,2237.08,2288.38,2236.77,2282.31
08-Dec-17,2283.75,2299.96,2283.74,2294.62
11-Dec-17,2305.38,2312.54,2292.81,2303.07
12-Dec-17,2297.74,2298.36,2271.12,2274.4
13-Dec-17,2277.95,2277.95,2252.22,2256.28
14-Dec-17,2266.07,2267.9,2229.3,2258.02
15-Dec-17,2272.8,2280.63,2260.27,2267.23
18-Dec-17,2259.64,2278.52,2205.67,2269.44
19-Dec-17,2284.57,2299.01,2274.46,2297.17
20-Dec-17,2299.49,2315.01,2291.67,2303.15
21-Dec-17,2304.11,2351.97,2304.11,2346.89
22-Dec-17,2355.2,2373.97,2353.53,2361.46
26-Dec-17,2374.53,2376.35,2355.21,2361.57
27-Dec-17,2366.31,2378.28,2345.08,2352.41
28-Dec-17,2357.76,2371.22,2344.18,2347.39
29-Dec-17,2356.47,2388.84,2356.47,2381.69
01-Jan-18,2394.55,2427.71,2376.07,2400.41
02-Jan-18,2414.7,2424.21,2380.55,2408.14
03-Jan-18,2415.75,2430.44,2404.86,2412.68
04-Jan-18,2428.24,2429.31,2410.44,2420.7
05-Jan-18,2425.33,2440.53,2422.6,2429.24
08-Jan-18,2437.94,2448.16,2433.93,2441.97
09-Jan-18,2447.24,2449.88,2421.02,2426.22
10-Jan-18,2434.48,2444.95,2411.02,2421.44
11-Jan-18,2424.04,2432.07,2417.04,2420.37
12-Jan-18,2433.27,2433.51,2393.3,2408.88
15-Jan-18,2419.49,2435.86,2411.23,2415.77
16-Jan-18,2421.6,2424.88,2358.04,2372.86
17-Jan-18,2374.44,2401.35,2334.15,2395.1
18-Jan-18,2402.72,2420.28,2334.37,2351.97
19-Jan-18,2343.48,2366.2,2331.74,2362.87
22-Jan-18,2367.73,2376.19,2352.68,2369.45
23-Jan-18,2378.63,2399.04,2376.84,2380.54
24-Jan-18,2378.15,2383.63,2360.68,2374.2
25-Jan-18,2372.4,2388.36,2333.92,2347.54
29-Jan-18,2350.31,2360.56,2326.58,2330.13
30-Jan-18,2327.27,2340.65,2310.6,2327.66
31-Jan-18,2323.9,2333.32,2311.63,2319.48
01-Feb-18,2320.4,2327.21,2270.68,2320.63
02-Feb-18,2309.57,2310.07,2211.16,2229.25
05-Feb-18,2214.73,2249.9,2180.78,2244.37
06-Feb-18,2186.74,2222.18,2148.35,2208.99
07-Feb-18,2220.67,2231.47,2195.48,2216.82
08-Feb-18,2219.03,2240.84,2217.53,2223.65
09-Feb-18,2195.82,2246.04,2183.79,2231.89
12-Feb-18,2242.73,2278.53,2240.15,2273.69
14-Feb-18,2284.48,2286.12,2253.18,2258.33
15-Feb-18,2266.13,2271.16,2234.92,2245.65
16-Feb-18,2250.45,2257.12,2220.36,2228.95
19-Feb-18,2232.39,2234.01,2195.54,2206.79
20-Feb-18,2209.69,2223.32,2199.68,2213.73
21-Feb-18,2217.97,2225.07,2200.15,2206.78
22-Feb-18,2204.83,2204.83,2176.28,2182.22
23-Feb-18,2185.5,2216.02,2182.08,2213.66
26-Feb-18,2219.22,2240.08,2212.98,2234.45
27-Feb-18,2236.32,2247.39,2224.11,2234.45
28-Feb-18,2219.77,2229.28,2208.64,2223.14
01-Mar-18,2226.86,2233.52,2209.5,2212.53
05-Mar-18,2213.98,2214.16,2170.25,2195.56
06-Mar-18,2208.95,2212.53,2161.33,2171.08
07-Mar-18,2168.83,2168.83,2126.33,2130.65
08-Mar-18,2134.56,2153.25,2107.95,2149.42
09-Mar-18,2144.75,2154.8,2128.4,2136.83
12-Mar-18,2140.42,2176.6,2133.57,2170.89
13-Mar-18,2170.27,2185.2,2152.75,2177
14-Mar-18,2181.48,2181.94,2161.78,2173.29
15-Mar-18,2170.94,2181.64,2166.63,2176.31
16-Mar-18,2177.23,2177.45,2135.95,2139.56
19-Mar-18,2147.4,2148.75,2119.18,2126.99
20-Mar-18,2124.95,2139.25,2115.17,2136.6
21-Mar-18,2139.22,2161.14,2137.21,2145.64
22-Mar-18,2148.11,2151.02,2127.7,2131.45
23-Mar-18,2112.09,2122.7,2098.29,2116.92
26-Mar-18,2119.81,2137.63,2103.24,2133.31
27-Mar-18,2141.41,2159.37,2135.08,2148.47
28-Mar-18,2140.6,2142.69,2117.67,2125.83
02-Apr-18,2122.14,2156.95,2122.14,2153.17
03-Apr-18,2151.49,2189.19,2149.28,2187.03
04-Apr-18,2190.32,2196.94,2152.87,2158.53
05-Apr-18,2167.28,2193.96,2166.76,2185.56
06-Apr-18,2194.83,2196.11,2177.1,2193.23
09-Apr-18,2198.34,2201.83,2189.66,2196.28
10-Apr-18,2206.24,2213.2,2196.99,2204.52
11-Apr-18,2211.04,2214.17,2196.3,2202.45
12-Apr-18,2202.11,2206.36,2190.15,2193.01
13-Apr-18,2193.9,2210.53,2193.9,2200.43
16-Apr-18,2200.3,2218.54,2184.06,2215.13
17-Apr-18,2222.08,2246.91,2222.08,2242.35
18-Apr-18,2251.53,2252.02,2239.77,2246.17
19-Apr-18,2250.35,2258.12,2240.01,2253.02
20-Apr-18,2257,2257.27,2225.48,2231.04
23-Apr-18,2240.28,2240.28,2226.75,2231.42
24-Apr-18,2236.48,2242.35,2219.99,2223.2
25-Apr-18,2209.3,2225.64,2201.83,2213.93
26-Apr-18,2213.96,2221.08,2200.34,2213.95
27-Apr-18,2209.02,2227.13,2209.02,2218.47
30-Apr-18,2216.09,2241.3,2215.79,2238.15
02-May-18,2239.11,2255.23,2210.29,2213.86
03-May-18,2205.1,2217.83,2188.08,2209.2
04-May-18,2198.84,2206.53,2185.22,2191.33
07-May-18,2192.16,2204.75,2188.97,2202.32
08-May-18,2207.81,2214.05,2193.78,2206.06
09-May-18,2206.64,2210.65,2192.1,2193.48
10-May-18,2195.01,2207.89,2155.56,2159.49
11-May-18,2161.64,2169.53,2147.86,2151.12
14-May-18,2149.71,2162.8,2138.31,2145.74
15-May-18,2148.4,2184.26,2136.53,2142.51
16-May-18,2145.85,2147.89,2127,2138.66
17-May-18,2140.69,2152.91,2133.42,2135.69
18-May-18,2122.39,2140.87,2103.34,2106.29
21-May-18,2102.28,2112.23,2075.34,2083.86
22-May-18,2085.09,2103.18,2076.69,2086.69
23-May-18,2082.98,2104.89,2079.93,2084.92
24-May-18,2088.2,2101.37,2072.96,2080.26
25-May-18,2084.55,2113.16,2084.55,2108.69
28-May-18,2114.99,2141.75,2113.89,2134.98
29-May-18,2148.5,2150.09,2124.3,2132.6
30-May-18,2127.54,2155.96,2118.67,2136.91
31-May-18,2150.17,2153.26,2100.69,2129.3
01-Jun-18,2126.44,2126.44,2075.25,2089.12
04-Jun-18,2098.42,2101.37,2037.6,2040.66
05-Jun-18,2037.43,2042.37,1996.29,2013.73
06-Jun-18,2012.92,2049.68,2006.7,2042.89
07-Jun-18,2046.26,2071.37,2044.85,2068.11
08-Jun-18,2062.19,2062.19,2044.44,2052.73
11-Jun-18,2054.53,2065.75,2049.74,2052.55
12-Jun-18,2055.16,2061.7,2042.75,2057.38
13-Jun-18,2060.79,2067.89,2050.52,2051.98
14-Jun-18,2055.59,2055.59,2027.39,2039.02
15-Jun-18,2038.57,2039.51,2011.21,2016.65
18-Jun-18,2022.23,2022.23,2007.36,2014.36
19-Jun-18,2009.83,2010.17,1986.5,1993.81
20-Jun-18,1991.86,2007.71,1991.52,2006.37
21-Jun-18,2011.24,2011.77,1984.34,1988.18
22-Jun-18,1986.78,2011.62,1976.25,2006.03
25-Jun-18,2010.26,2011.58,1976.57,1985.65
26-Jun-18,1975.19,1986.45,1964.96,1969.43
27-Jun-18,1964.69,1969.95,1916.06,1925.1
28-Jun-18,1928.14,1928.73,1896.18,1911.3
29-Jun-18,1917.34,1953.82,1913.05,1946.64
02-Jul-18,1950.53,1952.89,1900.83,1913.68
03-Jul-18,1914.18,1919.58,1894.9,1916.01
04-Jul-18,1913.94,1929.67,1901.55,1905.61
05-Jul-18,1903.08,1907.41,1892.79,1896.32
06-Jul-18,1900.19,1912.1,1892.46,1899.78
09-Jul-18,1903.35,1927.39,1903.35,1924.92
10-Jul-18,1929.19,1944.66,1928.4,1941.45
11-Jul-18,1945.06,1945.94,1928.97,1933.98
12-Jul-18,1936.38,1945.17,1922.08,1926.39
13-Jul-18,1923.23,1931.83,1903.3,1910.79
16-Jul-18,1910.28,1913.73,1893.3,1897.06
17-Jul-18,1899.69,1919.69,1885.31,1916.24
18-Jul-18,1922.33,1932.19,1887.59,1896.39
19-Jul-18,1898.88,1907.56,1883.73,1885.46
20-Jul-18,1888.84,1896.55,1876.92,1891.95
23-Jul-18,1896.91,1923.72,1891.86,1919.88
24-Jul-18,1923.28,1950.57,1920.51,1946.85
25-Jul-18,1948.71,1955.03,1911.89,1917.24
26-Jul-18,1914.96,1947.93,1912.89,1944.89
27-Jul-18,1950.17,1960.8,1942.77,1951.17
30-Jul-18,1953.28,1977.54,1945.45,1974.12
31-Jul-18,1980.85,1990.38,1973.13,1975.25
01-Aug-18,1982.79,1985.55,1961.63,1972.4
02-Aug-18,1974.02,1984.85,1962.9,1981.09
03-Aug-18,1987.97,2000.11,1984.64,1991.73
06-Aug-18,1991.03,2007.77,1991.03,1996.22
07-Aug-18,1994.48,1999.8,1976.45,1993.75
08-Aug-18,1998.58,2001.58,1983.45,1988.08
09-Aug-18,1989.05,2011.68,1985.75,2008.35
10-Aug-18,2011.99,2012.64,1981.98,1988.43
13-Aug-18,1985.88,1985.88,1959.2,1968.72
14-Aug-18,1970.21,1980.47,1962.9,1966.01
16-Aug-18,1966.4,1975.82,1958.77,1963.64
17-Aug-18,1979.42,1983.51,1967.87,1977.39
20-Aug-18,1984.67,1998.49,1983.59,1990.87
21-Aug-18,1993.93,2023.74,1992.93,2021.64
23-Aug-18,2026.51,2039.71,2018.07,2034.9
24-Aug-18,2033.73,2056.6,2027.55,2041.67
27-Aug-18,2048.79,2092.04,2045.91,2090.12
28-Aug-18,2096.3,2124.62,2091.9,2099.4
29-Aug-18,2097.3,2116.39,2082.95,2098.8
30-Aug-18,2102.72,2119.66,2094.99,2113.64
31-Aug-18,2116,2145.21,2112.61,2140.72
03-Sep-18,2153.46,2157.06,2109.99,2114.71
04-Sep-18,2119.56,2125.78,2070.43,2072.89
05-Sep-18,2080,2084.53,2047.22,2075.05
06-Sep-18,2072.83,2108.32,2072.83,2100.16
07-Sep-18,2092.88,2111.16,2078.5,2098.48
10-Sep-18,2095.64,2095.95,2066.79,2070.87
11-Sep-18,2072.28,2083.04,2041.1,2043.68
12-Sep-18,2046.8,2064.21,2031.13,2055.91
14-Sep-18,2064.49,2111.42,2064.49,2108.37
17-Sep-18,2107.73,2119.66,2087.34,2111.23
18-Sep-18,2118.89,2120.46,2064.16,2069.07
19-Sep-18,2062.73,2096.37,2054.2,2058.34
21-Sep-18,2069.91,2083.21,1972.94,2019.11
24-Sep-18,2025.32,2028.47,1974.65,1993.25
25-Sep-18,1996.82,1996.82,1955.23,1987.33
26-Sep-18,1997.34,2003.09,1965.29,1987.05
27-Sep-18,1988.57,1997.82,1970.09,1976.22
28-Sep-18,1987.26,1987.29,1924.26,1929.43
01-Oct-18,1937.94,1973.38,1910.24,1964.77
03-Oct-18,1967.49,1980.13,1948.02,1955.27
04-Oct-18,1949.28,1953.05,1921.35,1942.17
05-Oct-18,1948.68,1949.31,1887.32,1899.84
08-Oct-18,1896.6,1900.11,1853.87,1887.4
09-Oct-18,1901.21,1901.47,1865.73,1875.78
10-Oct-18,1885.42,1930.19,1878.15,1926.19
11-Oct-18,1904.38,1920.26,1882.95,1895.67
12-Oct-18,1895.39,1960.56,1895.39,1947.43
15-Oct-18,1962.57,1964.95,1940.28,1962.31
16-Oct-18,1964.41,1980.44,1959.71,1977.07
17-Oct-18,1988.28,1989.47,1948.76,1952.41
19-Oct-18,1953.31,1961.63,1930.24,1941.93
22-Oct-18,1954.69,1964.97,1935.54,1943.05
23-Oct-18,1940.91,1956.65,1915.54,1944.95
24-Oct-18,1954.96,1960.43,1928.23,1944.63
25-Oct-18,1934.46,1940.37,1911.7,1927.62
26-Oct-18,1922.21,1922.46,1889.38,1906.42
29-Oct-18,1914.18,1951.96,1908.23,1948.44
30-Oct-18,1954.95,1959.87,1938.57,1944.76
31-Oct-18,1955.81,1961.76,1915.35,1958.13
01-Nov-18,1960.16,1977.43,1959.47,1973.74
02-Nov-18,1988.14,2003.48,1983.96,1989.26
05-Nov-18,1985.78,1987.01,1943.37,1957.72
06-Nov-18,1968.74,1975.66,1949.5,1954.45
07-Nov-18,1965.8,1970.78,1962.59,1968.98
09-Nov-18,1970.11,1981.76,1962.05,1977.57
12-Nov-18,1982.45,1990.99,1935.45,1940.71
13-Nov-18,1938.82,1959.84,1933.97,1955.2
14-Nov-18,1957.46,1980.97,1952.71,1962.91
15-Nov-18,1973.43,1978.11,1955.75,1959.53
16-Nov-18,1960.37,1973.45,1955.61,1964.47
19-Nov-18,1970.57,1979.67,1961.57,1976.21
20-Nov-18,1977.33,1978.39,1951.98,1956.42
21-Nov-18,1958.55,1961.04,1932.58,1936.14
22-Nov-18,1937.27,1940.62,1910.2,1912.69
26-Nov-18,1916.01,1927.68,1893.37,1916.3
27-Nov-18,1923.16,1934.67,1908.95,1926.75
28-Nov-18,1931.32,1938.3,1914.25,1923.91
29-Nov-18,1924.32,1942.45,1908.79,1913.62
30-Nov-18,1912.92,1921.86,1893.37,1911.27
03-Dec-18,1916.9,1967.94,1915.42,1958.41
04-Dec-18,1964.82,1964.82,1940.44,1952.53
05-Dec-18,1945.3,1952.76,1908.96,1913.48
06-Dec-18,1915.5,1915.9,1895.31,1900.96
07-Dec-18,1914.47,1918.79,1891.15,1899.05
10-Dec-18,1883.49,1883.49,1848.28,1862.58
11-Dec-18,1846.59,1883.16,1841.73,1879.3
12-Dec-18,1892.29,1918.88,1882.66,1914.68
13-Dec-18,1925.68,1930.42,1908.35,1918.08
14-Dec-18,1919.19,1938.76,1904.97,1935.96
17-Dec-18,1961.22,1991.83,1953.18,1961.24
18-Dec-18,1958.68,1986.01,1953.49,1982.55
19-Dec-18,1988.71,2013.43,1981.02,2009.48
20-Dec-18,1999.4,2003.06,1982.14,1999.75
21-Dec-18,2006.74,2008.58,1979.17,1986.95
24-Dec-18,1985.21,1989.7,1957.87,1966.11
26-Dec-18,1966.47,1978.8,1936.4,1965.61
27-Dec-18,1973.8,1981.75,1958.86,1973.64
28-Dec-18,1977.1,1997.7,1973.01,1991.42
31-Dec-18,1993.38,2004.13,1987.13,1999.18
01-Jan-19,1993.52,2006.85,1989.38,2004.18
02-Jan-19,2002.13,2008.26,1968.24,1974.33
03-Jan-19,1976.42,1980.27,1943.26,1947.27
04-Jan-19,1943.19,1970.77,1942.28,1966.18
07-Jan-19,1979.9,1992.74,1970.27,1986.35
08-Jan-19,1989.31,1989.95,1973.23,1980.46
09-Jan-19,1987.22,1992.26,1961.56,1974.85
10-Jan-19,1982.3,1984.98,1975.53,1980.91
11-Jan-19,1985.56,1986.18,1967.75,1976.39
14-Jan-19,1979.03,1979.42,1949.74,1954.03
15-Jan-19,1965,1966.48,1952.79,1960.11
16-Jan-19,1965.59,1981.03,1961.39,1964.07
17-Jan-19,1968.41,1975.19,1953.17,1963.42
18-Jan-19,1964.72,1972.23,1949.73,1954.53
21-Jan-19,1968.03,1968.73,1934.16,1940.92
22-Jan-19,1941.72,1942.94,1923.89,1935.82
23-Jan-19,1939.07,1945.15,1910.57,1911.84
24-Jan-19,1920.33,1926.66,1891.67,1902.08
25-Jan-19,1905.74,1922.01,1879,1883.29
28-Jan-19,1889.55,1889.55,1846.57,1857.39
29-Jan-19,1857.06,1867.68,1844.97,1862.88
30-Jan-19,1864.69,1868.37,1855.56,1863.46
31-Jan-19,1872.55,1886.15,1866.46,1880.88
01-Feb-19,1894.64,1897.09,1873.97,1887.82
04-Feb-19,1885.02,1885.33,1844.15,1847.67
05-Feb-19,1848.76,1859.95,1821.59,1828.66
06-Feb-19,1824.18,1829.74,1808.26,1824.56
07-Feb-19,1828.69,1839.32,1811.5,1816.08
08-Feb-19,1812.08,1831.27,1776.79,1781.58
11-Feb-19,1778.63,1780.92,1751.32,1772.54
12-Feb-19,1771.59,1791.46,1767.1,1771.05
13-Feb-19,1775.77,1786.79,1734.99,1745.16
14-Feb-19,1748.27,1755.66,1727.48,1746.94
15-Feb-19,1747.88,1790.05,1747.88,1784.93
18-Feb-19,1794.44,1803.97,1764.63,1770.53
19-Feb-19,1773.3,1783.23,1754.98,1760.44
20-Feb-19,1766.09,1795.31,1762.69,1786.92
21-Feb-19,1794,1801.08,1783.58,1793.06
22-Feb-19,1795.32,1818.36,1785.28,1814.02
25-Feb-19,1818.72,1823.28,1791.84,1819.7
26-Feb-19,1804.68,1824.56,1785.49,1820.02
27-Feb-19,1822.85,1848.6,1807.45,1811.79
28-Feb-19,1814.08,1834.89,1812.4,1828.66
01-Mar-19,1832.42,1852.95,1832.42,1848.83
05-Mar-19,1856.93,1887.25,1850.99,1884.54
06-Mar-19,1895.09,1909.05,1884,1904.63
07-Mar-19,1916.29,1930.6,1893.99,1899.02
08-Mar-19,1900.02,1924.97,1896.81,1917.27
11-Mar-19,1922.37,1983.54,1920.5,1956.47
12-Mar-19,1960.87,1997.8,1956.4,1965.03
13-Mar-19,1978.22,1978.22,1934.65,1949.16
14-Mar-19,1938.37,1947.4,1923.25,1943.91
15-Mar-19,1943.49,1988.65,1935.91,1981.68
18-Mar-19,1989.26,2009.36,1983.85,1994.08
19-Mar-19,2011.59,2025.93,1988.31,2014.81
20-Mar-19,2019.35,2022.95,1980.69,1983.87
22-Mar-19,1992.84,2011.1,1989.98,2000.75
25-Mar-19,1996.21,2019.41,1990.65,2009.95
26-Mar-19,2019.02,2049.45,2018.49,2044.15
27-Mar-19,2056.19,2057.11,2018.62,2024.73
28-Mar-19,2029.86,2039.71,2015.68,2021.16
29-Mar-19,2030.93,2055.36,2022.86,2034.41
01-Apr-19,2042.39,2057.09,2027.54,2031.59
02-Apr-19,2046.51,2062.03,2033.27,2046.21
03-Apr-19,2053.06,2060.79,2030.13,2033.3
04-Apr-19,2039.16,2045.27,2022.93,2029.04
05-Apr-19,2034.67,2036.75,2019.49,2021.85
08-Apr-19,2028.49,2044.77,2018.25,2029.87
09-Apr-19,2029.33,2040.7,2020.21,2036.11
10-Apr-19,2037.52,2046.63,2020.14,2023.09
11-Apr-19,2023.13,2035.63,2021.83,2031.21
12-Apr-19,2037.24,2056.44,2035.09,2051.4
15-Apr-19,2051.38,2070.01,2050.13,2059.07
16-Apr-19,2063.02,2071.88,2058.45,2060.89
18-Apr-19,2065.16,2066.39,2030.86,2033.35
22-Apr-19,2029.92,2033.07,2016.08,2019.65
23-Apr-19,2026.93,2026.93,2003.64,2006.77
24-Apr-19,2010.16,2012.95,1995.16,2007.66
25-Apr-19,2016.09,2027.67,1993.38,1999.18
26-Apr-19,2006.47,2014.64,1992.69,1994.93
30-Apr-19,1995.22,2000.03,1957.31,1969.54
02-May-19,1974.17,1982.03,1962.78,1974.55
03-May-19,1974.22,1997.75,1970.68,1987.41
06-May-19,1982.76,1985.65,1963.1,1968.37
07-May-19,1978.32,1980.95,1950.3,1953.6
08-May-19,1949.32,1953.97,1918.06,1922.03
09-May-19,1923.34,1924.78,1892.69,1898.18
10-May-19,1900.26,1904.51,1885.7,1890.29
13-May-19,1895.55,1895.67,1839.26,1844.49
14-May-19,1845.34,1874.75,1830.81,1867.11
15-May-19,1869.09,1878.74,1833.53,1838.06
16-May-19,1841.29,1867.71,1838.17,1862.47
17-May-19,1860.25,1868.16,1849.87,1862.39
20-May-19,1887.74,1949.41,1887.74,1944.75
21-May-19,1949.64,1951.36,1912.38,1917.09
22-May-19,1928.72,1928.72,1909.79,1922.09
23-May-19,1946.7,1977.03,1924.25,1931.03
24-May-19,1934.28,1965.56,1933.84,1961.27
27-May-19,1978.17,2023.29,1967.03,2017.89
28-May-19,2034.41,2036.59,2015.28,2026.92
29-May-19,2034.01,2036.04,1998.14,2004.02
30-May-19,2016.62,2038.37,2009.31,2035.67
31-May-19,2036.45,2040.41,1998.8,2010.12
03-Jun-19,2019.75,2022.52,2007.45,2020.06
04-Jun-19,2028.01,2040.52,2017.75,2020.31
06-Jun-19,2032.99,2034.98,2001.89,2010.39
07-Jun-19,2014.56,2023.75,1991.4,1995.29
10-Jun-19,1997.52,2024.71,1997.52,2002.8
11-Jun-19,2013.78,2013.89,1999.64,2009.7
12-Jun-19,2011.73,2016.96,1987.08,1993.16
13-Jun-19,1995.84,2006.46,1985.42,2004.34
14-Jun-19,2008.31,2018.69,1984.13,1990.02
17-Jun-19,1998.49,1998.49,1972.61,1975.29
18-Jun-19,1984.88,1992.9,1977.27,1986.68
19-Jun-19,1996.11,2007.7,1983.57,1995.89
20-Jun-19,1994.04,2017.06,1989.12,2014.01
21-Jun-19,2022.13,2023.54,2005.99,2016.12
24-Jun-19,2021.31,2027.36,2012.05,2023.61
25-Jun-19,2028.54,2054.73,2022.36,2050.9
26-Jun-19,2056.17,2098.69,2052.67,2095.11
27-Jun-19,2096.1,2105.19,2084.99,2093.34
28-Jun-19,2094.42,2105.27,2085.93,2093.86
01-Jul-19,2101.48,2123.95,2080.55,2116.81
02-Jul-19,2121.68,2136.03,2119.3,2133.71
03-Jul-19,2137.7,2148.22,2133.61,2143.75
04-Jul-19,2146.75,2154.11,2141,2148.5
05-Jul-19,2151.81,2159.18,2067.25,2074.61
08-Jul-19,2071.67,2071.74,2002.95,2010.35
09-Jul-19,2011.71,2035.66,1997.73,2030.58
10-Jul-19,2037.99,2040.42,2009.8,2014.15
11-Jul-19,2027.19,2037.86,2023.48,2026.86
12-Jul-19,2033.68,2043.07,2009.54,2019.72
15-Jul-19,2018.82,2025.44,1999.68,2012.34
16-Jul-19,2013.97,2043.88,2008.77,2042.01
17-Jul-19,2045.38,2050.53,2026.23,2029.06
18-Jul-19,2036.31,2039.32,1994.96,1996.68
19-Jul-19,2008.04,2015.96,1984.18,2003.94
22-Jul-19,1999.6,2016.46,1977.64,2005.91
23-Jul-19,2007.86,2034.27,2007.08,2029.58
24-Jul-19,2028.93,2038.05,2000.19,2004.03
25-Jul-19,2009.7,2021.68,1992.03,2001.28
26-Jul-19,2005.99,2008,1992.5,1993.98
29-Jul-19,1995.67,2002.33,1966.61,1970.67
30-Jul-19,1968.37,1979.8,1946.8,1954.05
31-Jul-19,1948.89,1974.52,1941.06,1966.31
01-Aug-19,1968.94,1980.65,1952.03,1963.9
02-Aug-19,1957.15,1964.72,1931.92,1938.36
05-Aug-19,1930.89,1930.89,1879.58,1888.79
06-Aug-19,1885.49,1919.05,1884.37,1906.46
07-Aug-19,1918.26,1924.03,1897.36,1903.5
08-Aug-19,1907.71,1935.86,1898.26,1929.18
09-Aug-19,1936.94,1962.84,1917.53,1924.92
13-Aug-19,1917.6,1917.6,1869.29,1873.64
14-Aug-19,1877.28,1890.37,1861.42,1885.76
16-Aug-19,1883.93,1911,1867.3,1906.07
19-Aug-19,1906.77,1917.93,1901.97,1910.94
20-Aug-19,1912.83,1924.04,1888.24,1893.78
21-Aug-19,1895.84,1897.82,1867.02,1868.4
22-Aug-19,1868.75,1871.84,1835.41,1843.06
23-Aug-19,1846.82,1873.09,1826.77,1861.07
26-Aug-19,1873.06,1892.16,1852.56,1890.46
27-Aug-19,1893.59,1936.37,1892.02,1921.45
28-Aug-19,1923.97,1939.07,1887.03,1892.32
29-Aug-19,1893.41,1905.74,1872.63,1899.2
30-Aug-19,1902.19,1915.67,1844.9,1887.96
03-Sep-19,1880.89,1889.38,1840.35,1844.82
04-Sep-19,1850.99,1859.58,1831.64,1854.74
05-Sep-19,1862.09,1923.09,1862.09,1884.86
06-Sep-19,1892.72,1930.48,1892.59,1924.24
09-Sep-19,1923.15,1936.75,1915.68,1929.59
11-Sep-19,1926.17,1946.06,1920.01,1930
12-Sep-19,1931.98,1940,1910.02,1919.24
13-Sep-19,1927.01,1945.78,1913.09,1943.52
16-Sep-19,1939.35,1947.48,1924.04,1931.68
17-Sep-19,1934.52,1935.21,1902.46,1904.85
18-Sep-19,1910.35,1922.87,1892.59,1918.66
19-Sep-19,1919.48,1922.14,1893.76,1905.75
20-Sep-19,1902.87,1967.35,1875.77,1921.75
23-Sep-19,1936.72,1952.25,1909.21,1915.51
24-Sep-19,1922.26,1923.2,1901.95,1917.24
25-Sep-19,1928.65,1964.58,1923,1937.42
26-Sep-19,1947.46,1957.49,1936.49,1940.86
27-Sep-19,1939.75,1955.15,1932.21,1938.79
30-Sep-19,1941.14,1941.19,1912,1934.4
01-Oct-19,1941.48,1954.85,1899,1910.62
03-Oct-19,1907.46,1915.26,1889.91,1910.19
04-Oct-19,1921,1934.53,1895.48,1901.28
07-Oct-19,1907.54,1907.54,1879.18,1885.03
09-Oct-19,1891.36,1919.15,1883.48,1915.6
10-Oct-19,1920.23,1920.23,1901.41,1914.76
11-Oct-19,1917.35,1938.41,1913.07,1919.96
14-Oct-19,1920.73,1928.54,1913.28,1916.04
15-Oct-19,1919.52,1941.99,1917.53,1938.89
16-Oct-19,1931.68,1940.49,1911.39,1918.39
17-Oct-19,1921.67,1935.79,1912.87,1932.46
18-Oct-19,1943.95,1985.85,1938.01,1983.23
22-Oct-19,1985.6,2003.73,1975.03,1986.28
23-Oct-19,1986.05,2008.27,1985.79,2001.21
24-Oct-19,2004.83,2009.98,1971.82,1976.38
25-Oct-19,1984,1984.69,1950.81,1959.39
27-Oct-19,1977.54,1977.54,1963.01,1965.76
29-Oct-19,1968.36,1974.59,1952.78,1972.32
30-Oct-19,1991.24,1994.37,1975.27,1981.98
31-Oct-19,1985.69,2001,1980.87,1986.56
01-Nov-19,1988.11,2004.16,1985,1988.01
04-Nov-19,1997.81,2007.35,1984.23,1986.37
05-Nov-19,1988.36,1995.47,1971.4,1981.16
06-Nov-19,1982.36,1993.91,1974.5,1982.94
07-Nov-19,1990.71,1991.61,1972.63,1981.22
08-Nov-19,1982.18,1985.93,1951.13,1954.4
11-Nov-19,1967.57,1973.28,1951.73,1958.39
13-Nov-19,1967.5,1972.35,1928.47,1934.81
14-Nov-19,1933.17,1937.22,1918.31,1923.12
15-Nov-19,1926.57,1932.17,1905.44,1908.45
18-Nov-19,1912.22,1918.66,1907.59,1915.63
19-Nov-19,1923.4,1935.07,1914.28,1933.23
20-Nov-19,1935.27,1937.84,1921.9,1927.72
21-Nov-19,1930.96,1932.24,1909.56,1913.15
22-Nov-19,1921.51,1943.67,1920.84,1927.01
25-Nov-19,1928.04,1937.72,1927.75,1935.58
26-Nov-19,1935.09,1947.63,1912.74,1917
27-Nov-19,1919.64,1924.34,1909.97,1914.21
28-Nov-19,1933.97,1933.97,1907.89,1917.09
29-Nov-19,1918.52,1946.11,1917.21,1924.8
02-Dec-19,1928.58,1929.43,1907.8,1918.9
03-Dec-19,1921.56,1921.56,1891.7,1893.37
04-Dec-19,1891.64,1904.39,1888.32,1898.63
05-Dec-19,1906.86,1906.86,1883.04,1886.82
06-Dec-19,1894.11,1896.17,1858.2,1864.89
09-Dec-19,1875.33,1879.24,1859.9,1871.55
10-Dec-19,1874.3,1875.51,1834.76,1837.22
11-Dec-19,1841.42,1864.39,1835.45,1857.85
12-Dec-19,1867.32,1886.63,1857,1875.56
13-Dec-19,1883.52,1894.14,1882.08,1888.87
16-Dec-19,1900.68,1902.85,1886.09,1888.62
17-Dec-19,1890.8,1904.69,1881.52,1902.27
18-Dec-19,1906.95,1908.74,1885.79,1888.78
19-Dec-19,1890.29,1890.34,1875.76,1888.36
20-Dec-19,1885.31,1905.47,1881.23,1898.4
23-Dec-19,1898.94,1903.8,1887.39,1892.89
24-Dec-19,1889.02,1904.71,1889.02,1898.7
26-Dec-19,1904.54,1904.54,1880.98,1891.48
27-Dec-19,1897.99,1912.96,1893.5,1910.5
30-Dec-19,1913.61,1922.96,1907.91,1914.47
31-Dec-19,1917.81,1933.81,1913.21,1926.25
01-Jan-20,1932.87,1964.13,1927.38,1960.6
02-Jan-20,1962.51,1981.33,1953.67,1974.89
03-Jan-20,1985.35,1985.43,1947.62,1951.18
06-Jan-20,1949.98,1949.98,1907.34,1926.58
07-Jan-20,1928.96,1949.71,1928.96,1937.35
08-Jan-20,1935.69,1935.69,1905.36,1926.51
09-Jan-20,1931.55,1951.23,1931.55,1944.78
10-Jan-20,1945.49,1966.02,1941.23,1952.54
13-Jan-20,1964.05,1974.51,1955.98,1972.87
14-Jan-20,1978.9,1988.35,1973.08,1985.98
15-Jan-20,1991.78,1996.06,1974.13,1990.79
16-Jan-20,2000.29,2000.29,1986.99,1991.94
17-Jan-20,1992.11,2007.76,1981.57,2004.01
20-Jan-20,2017.4,2057.4,2005.96,2010.19
21-Jan-20,2012.81,2013.55,1979.52,1980.73
22-Jan-20,1965.97,1974.59,1935.69,1952.01
23-Jan-20,1954.39,1989.55,1946.32,1970.97
24-Jan-20,1955.15,1989.95,1948.67,1977.53
27-Jan-20,1978.73,1978.73,1944.11,1948.34
28-Jan-20,1950.91,1952.95,1920.06,1925.02
29-Jan-20,1926.41,1953.23,1926.41,1939.48
30-Jan-20,1943.32,1944.78,1918.09,1934.26
31-Jan-20,1935.06,1939.49,1892.31,1899.25
01-Feb-20,1894.93,1895.93,1828.28,1842.47
03-Feb-20,1854.54,1867.69,1810.39,1861.24
04-Feb-20,1866.31,1904.43,1863.56,1901.69
05-Feb-20,1909.57,1918.66,1890.5,1897.72
06-Feb-20,1898.67,1913.65,1893.49,1911.77
07-Feb-20,1918.23,1924.22,1909.77,1919.48
10-Feb-20,1930.19,1930.27,1877.62,1887.53
11-Feb-20,1899.12,1922.4,1895.57,1915.86
12-Feb-20,1915.09,1929.32,1895.37,1897.49
13-Feb-20,1900.61,1909.05,1888.54,1895.59
14-Feb-20,1898.87,1903.94,1845.52,1851.73
17-Feb-20,1851.5,1857.5,1807.38,1819.23
18-Feb-20,1809.98,1815.16,1760.58,1807.86
19-Feb-20,1832.3,1845.14,1810.22,1835.33
20-Feb-20,1833.98,1848.3,1828.29,1841.66
24-Feb-20,1842.31,1842.31,1805.21,1809.85
25-Feb-20,1819.51,1829.47,1804.58,1807.52
26-Feb-20,1805.96,1805.96,1769.27,1776.84
27-Feb-20,1786.92,1787.03,1739.2,1770.57
28-Feb-20,1748.57,1748.57,1706.49,1716.78
02-Mar-20,1746.28,1765.5,1688.44,1704.03
03-Mar-20,1711.18,1784.7,1711.18,1772.05
04-Mar-20,1769.9,1779.93,1745.34,1768.26
05-Mar-20,1770.14,1787.07,1758.57,1765.16
06-Mar-20,1739.47,1739.47,1697.23,1721.13
09-Mar-20,1715.52,1715.52,1618.45,1643.94
11-Mar-20,1651.63,1669.18,1630.19,1643.62
12-Mar-20,1617.34,1617.34,1496.27,1505.09
13-Mar-20,1455.29,1565.25,1340.57,1551.15
16-Mar-20,1538.46,1538.46,1435.35,1449.8
17-Mar-20,1445.91,1524.52,1425.79,1442.78
18-Mar-20,1470.77,1470.77,1284.97,1348.5
19-Mar-20,1333.82,1371.07,1297.46,1332.5
20-Mar-20,1345.92,1411.81,1337.72,1398.37
23-Mar-20,1297.29,1328.75,1275.07,1290.65
24-Mar-20,1315.77,1331.68,1281.42,1295.68
25-Mar-20,1295.41,1338.81,1286.73,1321.68
26-Mar-20,1346.32,1375.13,1311.62,1362.5
27-Mar-20,1382.22,1405.74,1360.84,1365.91
30-Mar-20,1359.83,1359.83,1321.79,1344.84
31-Mar-20,1372.88,1385.93,1353.07,1377.95
01-Apr-20,1384.67,1385.15,1334.54,1339.01
03-Apr-20,1357.25,1357.25,1327.78,1331.16
07-Apr-20,1356.93,1378.48,1349.48,1372.79
08-Apr-20,1389.14,1422.88,1360.03,1394.6
09-Apr-20,1418.94,1443.18,1406.55,1433.06
13-Apr-20,1441.91,1442.17,1402.34,1433.87
15-Apr-20,1444.61,1489.8,1436.28,1440.9
16-Apr-20,1436.18,1490.85,1422.67,1481.91
17-Apr-20,1520.88,1547.63,1501.35,1504.56
20-Apr-20,1529.37,1529.37,1485.8,1519
21-Apr-20,1506.21,1506.21,1481.83,1486.6
22-Apr-20,1479.97,1489.76,1455.65,1487.16
23-Apr-20,1495.09,1495.09,1465.88,1469
24-Apr-20,1470.56,1479.4,1442.23,1450.43
27-Apr-20,1464.83,1465.52,1444.18,1445.9
28-Apr-20,1447.5,1452.16,1427.66,1433.41
29-Apr-20,1452.63,1461.79,1440.63,1442.94
30-Apr-20,1463.88,1500.28,1449.38,1490.51
04-May-20,1469.72,1469.72,1439.53,1447
05-May-20,1461.71,1485.88,1456.93,1465.32
06-May-20,1481.87,1486.3,1458.01,1475.48
07-May-20,1481.58,1481.58,1435.6,1439.03
08-May-20,1455.85,1456.2,1400.15,1404.56
11-May-20,1418.59,1424.56,1392.39,1397.7
12-May-20,1397.41,1440.07,1388.68,1430.27
13-May-20,1498.19,1498.36,1449.8,1468.36
14-May-20,1466.98,1467.09,1430.16,1435.83
15-May-20,1444.31,1447.04,1428.3,1443.62
18-May-20,1450.03,1450.57,1394.46,1398.97
19-May-20,1405.44,1435.22,1398.25,1430.64
20-May-20,1420.28,1449.96,1419.68,1443.4
21-May-20,1445.58,1446.78,1421.79,1426.41
22-May-20,1422.83,1422.83,1397.68,1417.77
26-May-20,1415.26,1447.17,1413.26,1444.03
27-May-20,1448.59,1458.17,1429.27,1454.04
28-May-20,1464.96,1472.14,1458.43,1469.94
29-May-20,1471.31,1486.92,1458.21,1481.53
01-Jun-20,1502.06,1514.93,1494.58,1510.38
02-Jun-20,1524.16,1542.62,1507.16,1531.91
03-Jun-20,1549.01,1549.36,1513.15,1518.9
04-Jun-20,1517.85,1535.25,1505.69,1532.2
05-Jun-20,1535.57,1575.74,1523.66,1569.13
08-Jun-20,1599.02,1599.48,1564.36,1569.78
09-Jun-20,1578.26,1580.78,1556.06,1562.24
10-Jun-20,1566.97,1574.3,1555.02,1565.27
11-Jun-20,1566.42,1594.15,1552.45,1554.12
12-Jun-20,1521.56,1549.54,1503.11,1544.27
15-Jun-20,1542.41,1542.48,1502.86,1509.16
16-Jun-20,1527.26,1534.12,1490,1499.25
17-Jun-20,1492.77,1498.36,1478.12,1483.5
18-Jun-20,1488.04,1527.56,1485.06,1520.32
19-Jun-20,1526.47,1548,1522.14,1544.87
22-Jun-20,1573.08,1591.59,1559.04,1587.72
23-Jun-20,1605.14,1658.98,1601.2,1655.01
24-Jun-20,1674.31,1677.83,1607.27,1613.21
25-Jun-20,1596.83,1629.1,1589.83,1612
26-Jun-20,1622.17,1622.56,1603.61,1616.62
29-Jun-20,1613.04,1613.33,1585.11,1587.64
30-Jun-20,1595.22,1600.26,1570.89,1574.86
01-Jul-20,1561.96,1563.74,1546.99,1559.29
02-Jul-20,1570.73,1583.93,1563.84,1579.73
03-Jul-20,1591,1611.02,1586.82,1607.02
06-Jul-20,1626.51,1633.06,1608.88,1630.59
07-Jul-20,1641.17,1641.17,1602.31,1611.94
08-Jul-20,1617.5,1618.51,1581.51,1584.71
09-Jul-20,1586.29,1593.05,1577.62,1579.3
10-Jul-20,1570.23,1575.74,1556.58,1568.85
13-Jul-20,1575.26,1587.72,1555.84,1559.67
14-Jul-20,1560.59,1560.59,1516.02,1516.86
15-Jul-20,1522,1539.84,1513.86,1516.46
16-Jul-20,1524.38,1524.38,1488.42,1501.87
17-Jul-20,1506.56,1522.02,1502.98,1517.99
20-Jul-20,1526.07,1531.93,1513.38,1514.89
21-Jul-20,1523.61,1547.55,1519.02,1544.63
22-Jul-20,1545.42,1582.19,1540.52,1563.48
23-Jul-20,1555.17,1572.79,1555.06,1564.56
24-Jul-20,1553.8,1562.63,1544.16,1556.07
27-Jul-20,1560.88,1561.7,1532.75,1541.69
28-Jul-20,1547.93,1557.91,1533.11,1554.82
29-Jul-20,1550.51,1574.04,1547.7,1557.01
30-Jul-20,1560.61,1566.74,1525.23,1533.32
31-Jul-20,1537.75,1541.69,1530.46,1538.93
03-Aug-20,1536.66,1542.38,1521.91,1527.65
04-Aug-20,1530.07,1539.15,1526.62,1537.52
05-Aug-20,1544.12,1544.47,1527.52,1530.13
06-Aug-20,1535.27,1543.6,1526.82,1528.77
07-Aug-20,1535.17,1552.44,1530.75,1547.24
10-Aug-20,1567.12,1572.73,1560.35,1567.04
11-Aug-20,1572.21,1588.68,1562.98,1564.91
12-Aug-20,1570.07,1579.19,1555.69,1575.42
13-Aug-20,1582.01,1588.01,1572.3,1583.57
14-Aug-20,1591.25,1602.86,1565.84,1578.11
17-Aug-20,1594.34,1633.85,1588.68,1624.86
18-Aug-20,1636.84,1639.8,1619.37,1625.02
19-Aug-20,1632.87,1646.86,1625.84,1628.36
20-Aug-20,1627.65,1710.17,1619.89,1695.15
21-Aug-20,1719.36,1761.66,1714.32,1743.17
24-Aug-20,1753.52,1766.25,1735.69,1744.21
25-Aug-20,1760.39,1762.72,1729.81,1740.38
26-Aug-20,1747.18,1756.3,1733.68,1739.54
27-Aug-20,1755.45,1756.44,1730.12,1733.26
28-Aug-20,1744.69,1758.42,1734.05,1735.61
31-Aug-20,1752.25,1759.06,1664.45,1669.87
01-Sep-20,1676.47,1719.65,1675.4,1712.58
02-Sep-20,1713.7,1744.26,1703.16,1739.9
03-Sep-20,1746.42,1752.11,1733.83,1741.59
04-Sep-20,1709.95,1719.49,1692.91,1696.56
07-Sep-20,1692.52,1698.49,1667.32,1691.68
08-Sep-20,1692.73,1699.81,1667.52,1670
09-Sep-20,1663.9,1682.5,1644.33,1675.3
10-Sep-20,1702.4,1702.4,1667.65,1685.21
11-Sep-20,1705.03,1705.03,1680.7,1689.79
14-Sep-20,1707.21,1718.6,1697.28,1702.41
15-Sep-20,1713.97,1737.29,1709.75,1723.16
16-Sep-20,1745.64,1745.64,1702.76,1714.11
17-Sep-20,1710.48,1710.48,1690.7,1694.35
18-Sep-20,1702.21,1715.27,1691.4,1708.31
21-Sep-20,1720.63,1720.63,1663.89,1672
22-Sep-20,1668.54,1668.67,1620.26,1645.08
23-Sep-20,1646.11,1653.74,1603.64,1610.09
24-Sep-20,1578.82,1596.8,1571.07,1579.56
25-Sep-20,1586.54,1618.62,1586.54,1612.54
28-Sep-20,1637.34,1670.72,1632.37,1667.44
29-Sep-20,1689.27,1690.77,1648.41,1652.23
30-Sep-20,1663.6,1670.69,1633.9,1652.97
01-Oct-20,1664.24,1669.04,1651.09,1663.19
05-Oct-20,1673.8,1679.74,1654.54,1660.67
06-Oct-20,1680.84,1680.84,1652.56,1657.44
07-Oct-20,1656.05,1656.05,1630.79,1634.02
08-Oct-20,1642.66,1646.13,1622.36,1630.17
09-Oct-20,1636.52,1640.21,1623.03,1629.16
12-Oct-20,1636.58,1648.87,1619.24,1622.01
13-Oct-20,1621.82,1641.75,1615.73,1632.8
14-Oct-20,1634.68,1636.09,1597.38,1607.26
15-Oct-20,1608.85,1616.06,1587.86,1592.09
16-Oct-20,1601.98,1621.52,1595.62,1615.56
19-Oct-20,1624.07,1641.32,1620.55,1629
20-Oct-20,1625.9,1632.82,1611.07,1613.38
21-Oct-20,1622.57,1656.92,1617.5,1638.38
22-Oct-20,1633.31,1680.05,1626.95,1672
23-Oct-20,1678.11,1695.94,1673.73,1692.01
26-Oct-20,1697.54,1703.39,1674.28,1683.56
27-Oct-20,1683.27,1721.91,1679.1,1718.3
28-Oct-20,1733.19,1733.3,1711.46,1716.05
29-Oct-20,1689.65,1726.91,1689.65,1712.94
30-Oct-20,1718.02,1739.6,1716.17,1729.35
02-Nov-20,1744.11,1759.26,1732.31,1743.57
03-Nov-20,1764.13,1773.97,1718.85,1742.19
04-Nov-20,1739.61,1748.87,1718.72,1736.5
05-Nov-20,1728.75,1768.24,1728.75,1765.83
06-Nov-20,1765.67,1781.37,1765.04,1773.17
09-Nov-20,1790.11,1819.37,1782.22,1813.76
10-Nov-20,1825.35,1828.63,1806.45,1817.6
11-Nov-20,1823.11,1854.48,1820.32,1849.54
12-Nov-20,1853.59,1865.96,1844.73,1856.12
13-Nov-20,1843.47,1873.8,1843.47,1869.81
14-Nov-20,1885.11,1885.7,1871.36,1878.36
17-Nov-20,1884.81,1904.64,1882,1892.53
18-Nov-20,1901.2,1921.63,1895.55,1912.65
19-Nov-20,1903.44,1954.08,1891.35,1927.26
20-Nov-20,1916.43,1965.98,1916.43,1962.62
23-Nov-20,1979.77,2000.29,1972.04,1992.53
24-Nov-20,2005.62,2018.08,1995.18,2006.08
25-Nov-20,2008.06,2014.15,1973.23,1978.28
26-Nov-20,1967.75,1998.59,1963.4,1992.65
27-Nov-20,2003.57,2023.05,1967.58,1999.37
01-Dec-20,2016.09,2034.94,1994.3,2018.31
02-Dec-20,2023.54,2049.51,2010.54,2045.07
03-Dec-20,2060.75,2081.42,2047.88,2078.62
04-Dec-20,2092.43,2111.79,2074.45,2084.44
07-Dec-20,2088.94,2097.63,2074.3,2084.35
08-Dec-20,2098.89,2099.02,2057.12,2066.28
09-Dec-20,2074.75,2086.1,2057.13,2061.06
10-Dec-20,2063.87,2069.99,2029.33,2039.04
11-Dec-20,2032.48,2069.34,2030.6,2065.47
14-Dec-20,2077.97,2081.51,2066.48,2076.67
15-Dec-20,2078.28,2083.91,2053.09,2080.94
16-Dec-20,2091.31,2102.15,2082.69,2092.54
17-Dec-20,2094.97,2103.92,2079.57,2088.21
18-Dec-20,2089.62,2097.57,2065.75,2079.11
21-Dec-20,2070.37,2072.33,1953.27,1985.79
22-Dec-20,1958.51,2022.02,1950.91,2017.32
23-Dec-20,2022.98,2045.97,2007.57,2042.33
24-Dec-20,2054.94,2067.48,2040.77,2049.99
28-Dec-20,2061.34,2073.28,2057.72,2069.99
29-Dec-20,2078.6,2085.34,2043.94,2053.27
30-Dec-20,2058.85,2065.81,2045.48,2061.76
31-Dec-20,2063.13,2075.91,2056.82,2062.13
01-Jan-21,2061.77,2079.99,2061.77,2076.06
04-Jan-21,2090.85,2096.48,2074.71,2091.33
05-Jan-21,2081.51,2098.76,2068.82,2095.39
06-Jan-21,2102.69,2130.56,2096.96,2126.96
07-Jan-21,2135.17,2152.12,2105.58,2113.87
08-Jan-21,2135.51,2145.98,2118.75,2138.75
11-Jan-21,2150.61,2156.78,2110.49,2117.62
12-Jan-21,2114.22,2126.94,2102.6,2116.48
13-Jan-21,2119.32,2143.05,2102.19,2126.11
14-Jan-21,2137.97,2151.28,2122.09,2142.56
15-Jan-21,2158.55,2163.2,2109.12,2114.24
18-Jan-21,2110.97,2112.22,2051.39,2068.8
19-Jan-21,2081.11,2128.78,2079.19,2126.12
20-Jan-21,2127.8,2134.97,2113.64,2129.2
21-Jan-21,2136.6,2152.45,2109.19,2117.41
22-Jan-21,2117.25,2125.44,2076.68,2092.4
25-Jan-21,2125.32,2125.32,2050.82,2062.81
27-Jan-21,2071.51,2071.51,2036.69,2044.15
28-Jan-21,2026.67,2042.65,2018.77,2034.17
29-Jan-21,2058.21,2059.08,2000.08,2004.65
01-Feb-21,2018.05,2068.28,1996.31,2063.8
02-Feb-21,2085.05,2126.18,2081.18,2121.33
03-Feb-21,2130.18,2185.12,2119.78,2171.01
04-Feb-21,2184.83,2234.45,2176.35,2226.63
05-Feb-21,2254.74,2256.35,2200.34,2230.1
08-Feb-21,2214.57,2264.05,2206.73,2258.8
09-Feb-21,2257.03,2273.17,2235.84,2249.37
10-Feb-21,2250.28,2258.62,2233.5,2246.29
11-Feb-21,2237.32,2254.9,2228.41,2246.15
12-Feb-21,2271.7,2272.41,2236.74,2251.39
15-Feb-21,2271.69,2284.77,2256.36,2264.5
16-Feb-21,2282.63,2356.83,2267.81,2341.82
17-Feb-21,2355.11,2387.34,2336.02,2371.33
18-Feb-21,2386.74,2442.75,2369.43,2437.47
19-Feb-21,2435.59,2451.14,2381.12,2416.34
22-Feb-21,2415.78,2429.73,2362.23,2376.28
23-Feb-21,2382.07,2416.97,2382.07,2407.11
24-Feb-21,2455.02,2455.02,2355.64,2405.27
25-Feb-21,2428,2481.93,2413.02,2448.21
26-Feb-21,2417.53,2465.65,2391.03,2418.77
01-Mar-21,2454.66,2476.14,2438.3,2468.39
02-Mar-21,2480.96,2520.45,2468.69,2514.01
03-Mar-21,2551.09,2560.45,2529.66,2546.31
04-Mar-21,2535.57,2582.9,2509.95,2562.26
05-Mar-21,2564.39,2573.1,2495.25,2516.06
08-Mar-21,2535.21,2556.88,2524.39,2530.81
09-Mar-21,2544.15,2556.16,2469.72,2501.26
10-Mar-21,2523.58,2523.58,2486.73,2495.68
12-Mar-21,2499.28,2548.18,2498.95,2514.15
15-Mar-21,2535.7,2541.54,2488.71,2538.86
16-Mar-21,2550.72,2566.71,2533.34,2542.07
17-Mar-21,2548.89,2553.79,2462.39,2469.14
18-Mar-21,2489.45,2508.76,2435.11,2450.55
19-Mar-21,2438.23,2539.23,2390.91,2530.16
22-Mar-21,2564.91,2565.28,2529.26,2545.58
23-Mar-21,2573.79,2589.51,2559.31,2567.58
24-Mar-21,2559.78,2591.87,2532.47,2543.08
25-Mar-21,2547.12,2549.79,2461.8,2471.2
26-Mar-21,2496.48,2516.12,2463.86,2485.9
30-Mar-21,2513,2536.32,2495.52,2508.88
31-Mar-21,2508.09,2512.62,2470.35,2475.13
01-Apr-21,2489.3,2547.72,2488.25,2543.7
05-Apr-21,2544.85,2570.16,2501.46,2542.54
06-Apr-21,2562.81,2593.75,2540.72,2545.91
07-Apr-21,2571.43,2576.77,2532.74,2540.36
08-Apr-21,2545.36,2553.28,2511.33,2514
09-Apr-21,2511.3,2522.83,2481.55,2486.43
12-Apr-21,2435.79,2443.48,2350.04,2360.47
13-Apr-21,2339.32,2410.73,2339.05,2399.14
15-Apr-21,2383.67,2440.11,2383.67,2421.41
16-Apr-21,2435.32,2477.67,2429.61,2452.39
19-Apr-21,2401.31,2409.82,2362.47,2380.94
20-Apr-21,2407.09,2422.02,2370.73,2383.09
22-Apr-21,2383.21,2402.74,2356.82,2391.56
23-Apr-21,2391.74,2454.78,2390.71,2447.65
26-Apr-21,2457.62,2463.45,2438.96,2456.03
27-Apr-21,2463.02,2479.5,2459.58,2469.65
28-Apr-21,2481.33,2502.83,2480.66,2499.46
29-Apr-21,2518.07,2524.07,2490.76,2494.41
30-Apr-21,2475.67,2517.49,2466.12,2481.15
03-May-21,2456.28,2520.32,2445.25,2512.05
04-May-21,2523.59,2541.05,2498.77,2505.74
05-May-21,2522.3,2536.08,2508.48,2523.67
06-May-21,2547.75,2552.01,2520.97,2540.41
07-May-21,2564.08,2571.46,2548.29,2562.53
10-May-21,2580.51,2621.32,2578.11,2616.99
11-May-21,2619.82,2673.04,2595.15,2668.65
12-May-21,2697.13,2718.46,2646.65,2666.99
14-May-21,2690.2,2698.55,2624.34,2643.11
17-May-21,2654.28,2696.11,2644.97,2692.15
18-May-21,2733.32,2780.82,2723.46,2751.52
19-May-21,2785.35,2807.16,2749.42,2785.5
20-May-21,2798.02,2823.49,2778.36,2785.12
21-May-21,2811.39,2830.24,2803.33,2825.15
24-May-21,2839.08,2883.06,2832.42,2878.67
25-May-21,2919.37,2919.65,2850.97,2853.45
26-May-21,2853.03,2858.01,2783.05,2787.55
27-May-21,2812.39,2827.31,2781.65,2812.39
28-May-21,2823.8,2833.31,2775.86,2782.84
31-May-21,2791.08,2829.67,2781.74,2816.44
01-Jun-21,2828.64,2836.03,2804.09,2816.03
02-Jun-21,2827.19,2869.81,2815.77,2866.7
03-Jun-21,2891,2911.77,2865.51,2880.92
04-Jun-21,2897.78,2906.8,2874.77,2885.74
07-Jun-21,2913.54,2967.68,2900.51,2962.51
08-Jun-21,2991.68,3007.72,2973.09,2984.57
09-Jun-21,3007.49,3083.79,2976.13,3009.62
10-Jun-21,3054.7,3061.6,3005.78,3024.37
11-Jun-21,3064.23,3064.23,2985.06,3024.96
14-Jun-21,2976.03,2990.85,2914.31,2965.01
15-Jun-21,2957.68,2983.09,2944.09,2949.34
16-Jun-21,2925.93,2928.53,2889.61,2910.15
17-Jun-21,2866.62,2875.97,2830.77,2840.78
18-Jun-21,2826.84,2831.83,2727.71,2762.15
21-Jun-21,2728.46,2836.96,2696.75,2832.58
22-Jun-21,2853.62,2887.17,2845.24,2865.7
23-Jun-21,2897.17,2900.08,2829.09,2843.6
24-Jun-21,2850.17,2850.17,2794.17,2812.21
25-Jun-21,2798.87,2815.33,2780.08,2800.2
28-Jun-21,2814.11,2821.37,2774.65,2789.32
29-Jun-21,2798.35,2816.52,2756.39,2780.81
30-Jun-21,2768.84,2793.87,2750.54,2755.48
01-Jul-21,2758.28,2758.28,2714.38,2715.87
02-Jul-21,2695.23,2698.08,2677.23,2680.79
05-Jul-21,2674.54,2679.77,2660.65,2673.05
06-Jul-21,2643.38,2705.83,2641.65,2686.67
07-Jul-21,2681.78,2711.59,2656.96,2694.3
08-Jul-21,2694.56,2721.34,2682.75,2699.95
09-Jul-21,2710.35,2715.41,2693.63,2707.4
12-Jul-21,2720.93,2722.72,2689.18,2695.61
13-Jul-21,2709.28,2721.45,2690.06,2700.76
14-Jul-21,2709.37,2726.59,2694.74,2698.89
15-Jul-21,2702.45,2718.91,2694.01,2707.68
16-Jul-21,2719.44,2736.01,2693.14,2721.76
19-Jul-21,2731.53,2734.63,2697.37,2707.01
20-Jul-21,2690.84,2693.1,2643.36,2645.12
22-Jul-21,2655.51,2701.19,2620.64,2698.46
23-Jul-21,2714.71,2715.39,2665.87,2687.62
26-Jul-21,2689.42,2690.19,2663.72,2667.59
27-Jul-21,2667.3,2680.48,2621.67,2627.39
28-Jul-21,2631.73,2636.91,2575.44,2625.98
29-Jul-21,2641.86,2655.33,2604.66,2614.82
30-Jul-21,2624.29,2653.91,2608.68,2616.52
02-Aug-21,2624.99,2637.65,2609.68,2627.47
03-Aug-21,2630.72,2651.85,2630.17,2644.38
04-Aug-21,2661.82,2671,2635.01,2644.67
05-Aug-21,2648.69,2655.11,2612.65,2646.15
06-Aug-21,2653.39,2685.08,2645.05,2672.1
09-Aug-21,2692.14,2692.14,2633.62,2650.26
10-Aug-21,2651.63,2657.44,2588.89,2604.87
11-Aug-21,2600.19,2646.83,2582.54,2639.76
12-Aug-21,2630.49,2711.34,2629.69,2707.49
13-Aug-21,2711.01,2725.81,2695.1,2710.67
16-Aug-21,2707.05,2708.37,2682.06,2694.71
17-Aug-21,2696.32,2713.7,2684.14,2708.84
18-Aug-21,2723.13,2737.72,2704.85,2709.01
20-Aug-21,2713.75,2719.13,2663.83,2685.34
23-Aug-21,2708.51,2715.32,2649.63,2676.79
24-Aug-21,2690.99,2728.51,2690.99,2721.78
25-Aug-21,2752.4,2759.4,2743.79,2756.31
26-Aug-21,2795.79,2795.79,2769.72,2781.4
27-Aug-21,2808.05,2827.13,2750.54,2821.94
30-Aug-21,2834.79,2891.25,2829.44,2887.05
31-Aug-21,2909.73,2930.13,2890.18,2921.29
01-Sep-21,2954.2,2981.07,2941.67,2971.85
02-Sep-21,2975.84,3003.78,2945.17,2988.04
03-Sep-21,3008.53,3018.67,2956.31,2998.36
06-Sep-21,3023.27,3029.08,2971.29,2982.82
07-Sep-21,3003.26,3003.49,2938.32,2956.24
08-Sep-21,2939.95,3001.73,2909.68,2994.64
09-Sep-21,3001.54,3047.23,2992.41,3043.56
13-Sep-21,3041.75,3057.99,3022.56,3050.53
14-Sep-21,3085.28,3085.41,3059.92,3071.54
15-Sep-21,3092.85,3146.19,3083.95,3133.14
16-Sep-21,3142.21,3164.94,3116.14,3146.01
17-Sep-21,3129.56,3129.56,3063.54,3094.37
20-Sep-21,3050.36,3065.54,3019.14,3036.24
21-Sep-21,3005.14,3026.03,2993.51,3019.81
22-Sep-21,3023.86,3074.16,3008.21,3017.13
23-Sep-21,3010.36,3053.99,3007.1,3043.78
24-Sep-21,3045.68,3055.91,3000.94,3012.91
27-Sep-21,3011.91,3034.59,2984.3,3029.33
28-Sep-21,3039.43,3111,3033.97,3074.41
29-Sep-21,3077.4,3208.59,3037.25,3182.72
30-Sep-21,3193.87,3211.34,3172.37,3198.73
01-Oct-21,3203.82,3235.42,3167.03,3204.21
04-Oct-21,3238.7,3287.13,3206.06,3276.47
05-Oct-21,3304.06,3359.18,3287.54,3337.53
06-Oct-21,3375.14,3394.54,3301.05,3310.2
07-Oct-21,3351.19,3359.9,3311.6,3318.26
08-Oct-21,3350.93,3350.93,3277.32,3290.56
11-Oct-21,3323.82,3389.67,3312.76,3377.01
12-Oct-21,3406.73,3416.2,3356.17,3401.38
13-Oct-21,3433.16,3512.02,3416.56,3477.35
14-Oct-21,3515.16,3533.26,3487.11,3514.86
18-Oct-21,3574.97,3640.32,3537.36,3606.34
19-Oct-21,3674.33,3675.09,3524.98,3542.18
20-Oct-21,3560.3,3560.3,3444.69,3475.04
21-Oct-21,3502.78,3518.08,3458.74,3488.4
22-Oct-21,3527.74,3535,3431.4,3479.89
25-Oct-21,3509.84,3509.84,3414.15,3450.18
26-Oct-21,3428.62,3495.73,3428.58,3460.64
27-Oct-21,3504.72,3505.31,3440.3,3458.38
28-Oct-21,3456.79,3461.39,3349.09,3361.38
29-Oct-21,3323.88,3375.41,3226.78,3337.7
01-Nov-21,3336.3,3397.81,3327.11,3387.37
02-Nov-21,3401.63,3445.26,3393.82,3405.7
03-Nov-21,3409.43,3438.7,3392.21,3426.09
04-Nov-21,3481.73,3481.73,3436.18,3442.9
08-Nov-21,3469.97,3514.78,3431.31,3509.17
09-Nov-21,3532.64,3537.47,3495.72,3520.25
10-Nov-21,3509.11,3515.44,3484.87,3494.85
11-Nov-21,3499.97,3516.51,3475.31,3505.62
12-Nov-21,3526.2,3557.61,3508.25,3553.47
15-Nov-21,3594.49,3594.49,3546.93,3564.39
16-Nov-21,3578.65,3590.41,3552.58,3558.21
17-Nov-21,3563.39,3627.88,3554.2,3580.45
18-Nov-21,3597.79,3601.65,3517.16,3558.58
22-Nov-21,3584.99,3585.19,3471.64,3506.74
23-Nov-21,3478.22,3628.97,3477.35,3619.13
24-Nov-21,3624.89,3675.37,3603.04,3617.08
25-Nov-21,3621.4,3654.92,3574.88,3641.97
26-Nov-21,3594.35,3623.45,3525.52,3537.79
29-Nov-21,3495.98,3501.66,3406,3468.02
30-Nov-21,3462.28,3535.65,3441.75,3456.56
01-Dec-21,3445.15,3492.47,3406.32,3482.4
02-Dec-21,3497.54,3567.19,3473.56,3555.72
03-Dec-21,3550.69,3609.89,3531.44,3537.37
06-Dec-21,3547.02,3561.36,3477.11,3491.51
07-Dec-21,3518.59,3554.04,3513.21,3548.43
08-Dec-21,3550.2,3578.05,3536.66,3558.35
09-Dec-21,3578.43,3582.24,3546.25,3573.17
10-Dec-21,3568.35,3609.69,3568.04,3599.34
13-Dec-21,3633.76,3677.08,3576.76,3592.67
14-Dec-21,3585.24,3651.69,3579.93,3642.64
15-Dec-21,3666.88,3678.89,3607.56,3619.14
16-Dec-21,3658.57,3658.57,3571.2,3579.06
17-Dec-21,3580.17,3580.17,3518.65,3536.86
20-Dec-21,3511.54,3513,3401.97,3444.74
21-Dec-21,3440.33,3501.24,3440.33,3469.61
22-Dec-21,3483.84,3510.35,3467.43,3503.87
23-Dec-21,3532.43,3564.05,3525.02,3554.84
24-Dec-21,3562.03,3564.78,3466.45,3482.38
27-Dec-21,3499.68,3506.27,3468.52,3488.2
28-Dec-21,3531.22,3539.1,3497.64,3518.26
29-Dec-21,3512.14,3527.98,3491.35,3495.32
30-Dec-21,3493.34,3516.65,3452.6,3469.27
31-Dec-21,3488.93,3494.6,3465.39,3481.71
03-Jan-22,3504.6,3519.21,3490.94,3503.37
04-Jan-22,3513.15,3594.94,3507.01,3582.16
05-Jan-22,3571.64,3595.44,3553.17,3570.53
06-Jan-22,3564.49,3577.87,3528.5,3568.48
07-Jan-22,3596.21,3603.34,3551.77,3580.75
10-Jan-22,3583.9,3633.79,3580.06,3625.48
11-Jan-22,3640.02,3703.91,3616.38,3690.73
12-Jan-22,3725.12,3779.67,3698.6,3772.26
13-Jan-22,3801.3,3836.25,3754.31,3829.65
14-Jan-22,3825.06,3859.03,3781.29,3846.99
17-Jan-22,3854.52,3916.97,3839.15,3901.22
18-Jan-22,3921.05,3949.07,3874.08,3893.7
19-Jan-22,3889.2,3947.55,3863.88,3932.27
20-Jan-22,3932.94,3993.35,3931.59,3983.21
21-Jan-22,3981.44,3995.86,3891.23,3949
24-Jan-22,3948.41,3975.85,3798.97,3842.07
25-Jan-22,3792.7,3953.2,3748.3,3934.85
27-Jan-22,3917.47,3931.66,3868.42,3902.68
28-Jan-22,3964.91,3987.84,3907.5,3916.63
31-Jan-22,3969.56,3978.46,3921.57,3937.46
01-Feb-22,3983.04,4006.13,3919.25,3956.82
02-Feb-22,3980.69,4005.94,3953.63,3971.47
03-Feb-22,3961.29,3965.7,3932.68,3942.29
04-Feb-22,3943.07,3974.5,3930.2,3953.75
07-Feb-22,3966.45,4013.13,3951.38,3981.06
08-Feb-22,3995.75,4007.1,3855.44,3869.58
09-Feb-22,3871.5,3894.65,3859.79,3879.32
10-Feb-22,3900.61,3946.88,3874.82,3933.7
11-Feb-22,3930.17,3952.02,3882.06,3898.36
14-Feb-22,3836.82,3850.27,3745.16,3757.84
15-Feb-22,3744.94,3831.17,3680.49,3821.77
16-Feb-22,3827.41,3873.38,3792.17,3813.37
17-Feb-22,3848.58,3913.01,3835.83,3888.62
18-Feb-22,3891.04,3936.7,3842.83,3861.18
21-Feb-22,3842.4,3860.95,3786.47,3797.39
22-Feb-22,3699.95,3827.93,3691.3,3809.63
23-Feb-22,3830.96,3880.66,3818.08,3836.75
24-Feb-22,3697.52,3750.71,3610.79,3626.39
25-Feb-22,3663.76,3801.68,3663.76,3794.49
28-Feb-22,3761.09,3865.47,3745.96,3854.35
02-Mar-22,3805.15,3921.31,3802.79,3907.7
03-Mar-22,3966.53,4015.28,3958.17,3993.62
04-Mar-22,3986.05,4016.42,3901.53,3916.25
07-Mar-22,3862.63,3877.29,3790.87,3813.97
08-Mar-22,3823.3,3938.1,3779.3,3842.38
09-Mar-22,3916.07,3916.07,3826.62,3841.33
10-Mar-22,3923.96,3939.18,3879.29,3914.99
11-Mar-22,3927.62,3933.09,3891.69,3923.29
14-Mar-22,3931.81,3942.59,3882.6,3899.71
15-Mar-22,3904.7,3916.73,3825.65,3839.45
16-Mar-22,3891.47,3907.89,3875.16,3903.46
17-Mar-22,3945.82,3979.17,3909.15,3960.66
21-Mar-22,3996.03,3996.89,3879.29,3889.1
22-Mar-22,3899.38,3934.31,3874.14,3915.83
23-Mar-22,3934.36,3984.34,3926.34,3966.88
24-Mar-22,3955.43,3992.5,3946.28,3989.2
25-Mar-22,4005.94,4010.07,3967.68,3996.58
28-Mar-22,4015.68,4019.57,3961.67,4013.72
29-Mar-22,4039.34,4049.97,4012.55,4024.29
30-Mar-22,4061.53,4126.02,3976.56,4008.2
31-Mar-22,4015.85,4054.95,4001.26,4043.63
01-Apr-22,4065.38,4187.47,4062.9,4171.26
04-Apr-22,4199.16,4309.24,4190.15,4296.23
05-Apr-22,4345.77,4459.33,4310.94,4441.62
06-Apr-22,4475.25,4552.73,4440.31,4523.3
07-Apr-22,4563.32,4657.75,4424.25,4456.66
08-Apr-22,4507.72,4563.53,4480.03,4545.39
11-Apr-22,4592.11,4831.79,4589.62,4780.64
12-Apr-22,4860.35,4923.43,4733.22,4765.98
13-Apr-22,4851.44,4882.23,4749.17,4781.94
18-Apr-22,4779.67,4899.01,4667.97,4876.11
19-Apr-22,4935.48,4961.37,4648.24,4753.28
20-Apr-22,4836.86,4852,4723.68,4749.57
21-Apr-22,4808.62,4817.14,4745.49,4797.49
22-Apr-22,4803.21,4850.84,4774.92,4791.35
25-Apr-22,4752.3,4776.71,4681.8,4699.19
26-Apr-22,4744.07,4887.03,4744.07,4869.71
27-Apr-22,4886.55,4887.81,4765.07,4779.15
28-Apr-22,4858.72,4882.09,4774.11,4869.14
29-Apr-22,4869.63,4912.81,4732.17,4775.51
02-May-22,4760.19,4794.7,4713.64,4785.98
04-May-22,4809.04,4825.6,4686.62,4720.08
05-May-22,4775.86,4841.11,4741.16,4811.84
06-May-22,4736.8,4871.56,4708.94,4839.16
09-May-22,4796.68,4798.49,4698.27,4719.56
10-May-22,4704.19,4770.2,4497.12,4515.25
11-May-22,4501.59,4687.02,4404.88,4494.83
12-May-22,4490.08,4533.39,4289.54,4310.17
13-May-22,4359.15,4414.56,4151.07,4215.14
16-May-22,4239.14,4325.03,4194.55,4303.55
17-May-22,4363.96,4413.28,4280.4,4402.77
18-May-22,4453.87,4487.78,4385.16,4401.53
19-May-22,4265.42,4339.45,4265.42,4328.1
20-May-22,4415.5,4432.58,4352.87,4376.57
23-May-22,4432.53,4451.05,4326.92,4335.08
24-May-22,4378.69,4381.43,4249.28,4263.78
25-May-22,4292.38,4308.36,4195.1,4231.79
26-May-22,4265.45,4307.65,4092.37,4270.24
27-May-22,4345.36,4345.36,4243.11,4284.33
30-May-22,4306.71,4352.85,4296.47,4320.15
31-May-22,4306.65,4307.52,4198.15,4226.34
01-Jun-22,4176.17,4205.45,4125.8,4154.45
02-Jun-22,4135.21,4225.87,4113.43,4193.04
03-Jun-22,4220.67,4241.52,4084.24,4092.59
06-Jun-22,4113.85,4122.63,4050.78,4098.15
07-Jun-22,4099.08,4146.64,4059.7,4129.54
08-Jun-22,4139.93,4167.76,4096.04,4115.19
09-Jun-22,4105.8,4145.13,4089.16,4120.74
10-Jun-22,4090.42,4118.14,4049.57,4067.12
13-Jun-22,4002.16,4066.47,3989.7,4007.62
14-Jun-22,3988.5,4080.63,3987.62,4024.41
15-Jun-22,4062.3,4070.88,3979.32,3987.94
16-Jun-22,4038.09,4049.95,3870.22,3902.89
17-Jun-22,3846.19,3913.9,3817.02,3840.72
20-Jun-22,3828.56,3856.11,3720.96,3783.97
21-Jun-22,3803.68,3936.06,3787.24,3911.92
22-Jun-22,3896.92,3902.35,3819.48,3829.38
23-Jun-22,3849.07,3887.35,3799.39,3848.73
24-Jun-22,3880.87,3923.2,3872.91,3915.18
27-Jun-22,3956.64,3982.72,3947.34,3971.43
28-Jun-22,3963.42,3976.09,3921.66,3970.58
29-Jun-22,3940.31,4054.58,3929.01,4035.11
30-Jun-22,4050.94,4100.83,4047.46,4067
01-Jul-22,4078.95,4110.16,3989.02,4035.52
04-Jul-22,4043.16,4100.63,4029.98,4051.75
05-Jul-22,4099.64,4121.67,4060.75,4077.76
06-Jul-22,4123.64,4123.64,4051.11,4103.36
07-Jul-22,4125.79,4154.48,4113.17,4129.18
08-Jul-22,4152.93,4211.23,4137.89,4199.77
11-Jul-22,4208.14,4397.77,4196.7,4376.5
12-Jul-22,4376.61,4486.72,4368.38,4426.93
13-Jul-22,4448.5,4497.38,4308.84,4351.23
14-Jul-22,4408.7,4426.07,4279.3,4393.69
15-Jul-22,4481.37,4481.43,4365.55,4390.23
18-Jul-22,4433.39,4472.22,4415.42,4445.38
19-Jul-22,4430.93,4476.82,4425.37,4468.75
20-Jul-22,4503.88,4508.29,4425.01,4446.33
21-Jul-22,4459.05,4513.85,4443.4,4501.46
22-Jul-22,4517.86,4530.13,4441.7,4459.79
25-Jul-22,4470.06,4483.66,4449.86,4457.4
26-Jul-22,4459.34,4475.12,4431.59,4442.79
27-Jul-22,4454.56,4464.28,4426,4449.49
28-Jul-22,4474.94,4508.05,4460.47,4496.67
29-Jul-22,4537.55,4592.33,4517.02,4556.28
01-Aug-22,4583.68,4728.01,4561.89,4712.57
02-Aug-22,4729.31,4816.12,4706.31,4807.02
03-Aug-22,4815.92,4844.9,4737.73,4793.31
04-Aug-22,4817.1,4838.38,4708.23,4762.78
05-Aug-22,4776.1,4788.52,4658.38,4687.23
08-Aug-22,4698.99,4789.1,4682.05,4777.16
10-Aug-22,4799.5,4806.65,4746.2,4773.27
11-Aug-22,4799.31,4819.04,4764.39,4785.23
12-Aug-22,4783.85,4865.09,4777.88,4858.04
16-Aug-22,4872.88,4935.4,4872.88,4929.77
17-Aug-22,4948.21,5003.11,4948.21,4963.64
18-Aug-22,4974.85,5033.09,4959.48,5011.24
19-Aug-22,5014.53,5111.35,4984.85,5038.05
22-Aug-22,5054.24,5114.86,5004.83,5015.44
23-Aug-22,4978.07,5052.63,4891.46,5022.05
24-Aug-22,4997.97,5065.6,4929.86,5040.79
25-Aug-22,5025.7,5111.24,5019.96,5037.67
26-Aug-22,5047.72,5108.89,5047.72,5096.97
29-Aug-22,4930.83,5102.89,4925.51,5084.69
30-Aug-22,5120.54,5249.56,5120.54,5227.96
01-Sep-22,5198.14,5220.8,5143.98,5167.1
02-Sep-22,5203.45,5249.16,5124.1,5146.36
05-Sep-22,5153.59,5188.12,5130.58,5141.51
06-Sep-22,5152.12,5243.1,5150.94,5239.1
07-Sep-22,5234.59,5244.57,5179.37,5191.28
08-Sep-22,5230.11,5251.84,5178.71,5182.77
09-Sep-22,5217.11,5225.13,5150.8,5157.6
12-Sep-22,5154.99,5214.83,5152.09,5204.07
13-Sep-22,5217.8,5251.83,5201.46,5217.14
14-Sep-22,5118.25,5247.25,5082.47,5221.84
15-Sep-22,5251.54,5338.9,5236.38,5329.57
16-Sep-22,5320.17,5352.94,5163.54,5250.66
19-Sep-22,5270.9,5294.45,5206.58,5223.11
20-Sep-22,5265.16,5306.98,5234.83,5249.75
21-Sep-22,5246.43,5289.48,5129.34,5134.99
22-Sep-22,5114.06,5171.25,5078.69,5157.79
23-Sep-22,5146.97,5169.45,4966.35,4982.63
26-Sep-22,4938.95,4939.55,4741.9,4797.86
27-Sep-22,4826.09,4884.63,4755.91,4770.01
28-Sep-22,4722.78,4781.99,4699.76,4720.27
29-Sep-22,4760.12,4828.88,4634.14,4658.68
30-Sep-22,4631.18,4825.68,4609.42,4748.88
03-Oct-22,4747.24,4802.28,4521.21,4595.22
04-Oct-22,4688.21,4728.72,4599.38,4702.94
06-Oct-22,4745.98,4800.66,4741.12,4778.76
07-Oct-22,4774.33,4798.49,4731.98,4789.38
10-Oct-22,4709.19,4770.77,4701.23,4727.29
11-Oct-22,4754.65,4760.58,4651.52,4659.32
12-Oct-22,4695.9,4734.58,4644.45,4711.86
13-Oct-22,4720.52,4729.87,4658.46,4665.7
14-Oct-22,4748.69,4756.53,4585.18,4603.12
17-Oct-22,4585.78,4706.54,4563.09,4688.42
18-Oct-22,4716.14,4777.04,4715.52,4756.9
19-Oct-22,4756.06,4799.14,4678.01,4691.42
20-Oct-22,4666.22,4782.15,4654.07,4761.94
21-Oct-22,4762.23,4804.11,4695.63,4726.51
24-Oct-22,4752.8,4789.91,4751,4759.38
25-Oct-22,4760.63,4779.99,4708.43,4734.71
27-Oct-22,4750.5,4834.62,4750.36,4821.77
28-Oct-22,4815.69,4841.11,4802.13,4830.71
31-Oct-22,4825.5,4882.23,4814.57,4866.96
01-Nov-22,4873.03,4981.94,4873.03,4973.24
02-Nov-22,4968.5,4988.04,4928.86,4941.11
03-Nov-22,4885.05,4927.73,4862.71,4882.69
04-Nov-22,4878.24,4914.14,4860.67,4903.91
07-Nov-22,4917.19,4975.4,4903.39,4930.73
09-Nov-22,4942.84,4966.44,4880.15,4891.72
10-Nov-22,4876.83,4893.19,4840.34,4861.64
11-Nov-22,4906.57,4931.16,4842.56,4857.98
14-Nov-22,4836.49,4856.85,4812.51,4824.31
15-Nov-22,4806.85,4854.07,4806.42,4846.03
16-Nov-22,4831,4846.68,4770.75,4784.68
17-Nov-22,4770.3,4807.57,4703.35,4720.52
18-Nov-22,4729.81,4750.31,4664.4,4693.94
21-Nov-22,4660.89,4688.72,4621.13,4627.12
22-Nov-22,4634.45,4648.39,4570.64,4579.74
23-Nov-22,4592.32,4621.65,4570.55,4589.56
24-Nov-22,4607.87,4623.81,4597.14,4607.65
25-Nov-22,4606.56,4613.35,4568.15,4593.48
28-Nov-22,4582.7,4621.6,4573.56,4584.02
29-Nov-22,4585.03,4630.62,4584.02,4590.9
30-Nov-22,4605.06,4734.53,4590.62,4698.99
01-Dec-22,4728.81,4743.11,4654.59,4665.63
02-Dec-22,4652.89,4660.77,4599.25,4608.41
05-Dec-22,4611.53,4626.72,4563.85,4611
06-Dec-22,4618.31,4659.23,4600.8,4653.7
07-Dec-22,4649.97,4671.98,4601.48,4611.31
08-Dec-22,4628.8,4633.1,4577.93,4585.59
09-Dec-22,4589.09,4606.94,4510.6,4543.05
12-Dec-22,4521.91,4555.38,4495.09,4539.64
13-Dec-22,4545.32,4562.2,4529.51,4539.93
14-Dec-22,4547.31,4596.09,4547.15,4574.89
15-Dec-22,4570.09,4591.65,4539.33,4546.84
16-Dec-22,4518.32,4547.26,4472.26,4497.8
19-Dec-22,4494.24,4550.03,4491.5,4540.28
20-Dec-22,4526.39,4533.73,4485.4,4527.16
21-Dec-22,4531.97,4556.5,4401.43,4418.53
22-Dec-22,4422.12,4448.3,4322.66,4352.55
23-Dec-22,4288.25,4311.55,4122.49,4139.69
26-Dec-22,4108.45,4295.84,4073.94,4271.32
27-Dec-22,4316.36,4366.02,4284.97,4320.27
28-Dec-22,4313.79,4398.54,4310.51,4369.82
29-Dec-22,4352.56,4435.51,4309.01,4401.55
30-Dec-22,4426.11,4458.42,4357.82,4381.29
